timestamp,project_name,run_id,experiment_id,duration,emissions,emissions_rate,cpu_power,gpu_power,ram_power,cpu_energy,gpu_energy,ram_energy,energy_consumed,country_name,country_iso_code,region,cloud_provider,cloud_region,os,python_version,codecarbon_version,cpu_count,cpu_model,gpu_count,gpu_model,longitude,latitude,ram_total_size,tracking_mode,on_cloud,pue
2025-07-10T17:22:06,codecarbon,70658f23-a54c-4127-9e2d-8a0fbb5245b4,5b0fa12a-3dd7-45bb-9766-cc326314d9f1,4.265604098793119,6.289303180154148e-06,1.4744226220932225e-06,20.5,36.167613044226535,46.0,2.140454807541877e-05,4.279781201432797e-05,4.802846451729743e-05,0.000112230824607,France,FRA,grand est,,,Linux-6.1.0-37-amd64-x86_64-with-glibc2.36,3.12.6,3.0.2,13,Intel(R) Xeon(R) Gold 6354 CPU @ 3.00GHz,1,1 x NVIDIA A100 80GB PCIe,4.0324,49.2627,156.0,machine,N,1.0
2025-07-10T17:36:09,codecarbon,fc24ef07-a673-4daf-897c-948b2031ec1c,5b0fa12a-3dd7-45bb-9766-cc326314d9f1,1.3218723479658363,1.3638657311792964e-06,1.0317681077738568e-06,20.5,25.247076152559924,46.0,4.6530389038768285e-06,9.245007397851168e-06,1.0439749361636738e-05,2.433779566336473e-05,France,FRA,grand est,,,Linux-6.1.0-37-amd64-x86_64-with-glibc2.36,3.12.6,3.0.2,13,Intel(R) Xeon(R) Gold 6354 CPU @ 3.00GHz,1,1 x NVIDIA A100 80GB PCIe,4.0324,49.2627,156.0,machine,N,1.0
2025-07-10T17:36:52,codecarbon,bc4c040a-d6fd-4b62-afcd-b68bd2be394d,5b0fa12a-3dd7-45bb-9766-cc326314d9f1,2.8893910250626504,3.952430035545976e-06,1.3679110931204874e-06,20.5,33.16701992860834,46.0,1.3557576970811674e-05,2.6551965689236567e-05,3.042044601830033e-05,7.052998867834857e-05,France,FRA,grand est,,,Linux-6.1.0-37-amd64-x86_64-with-glibc2.36,3.12.6,3.0.2,13,Intel(R) Xeon(R) Gold 6354 CPU @ 3.00GHz,1,1 x NVIDIA A100 80GB PCIe,4.0324,49.2627,156.0,machine,N,1.0
2025-07-10T17:38:38,codecarbon,cafd085c-0f4b-417a-9dde-2a3fde0be2c6,5b0fa12a-3dd7-45bb-9766-cc326314d9f1,7.819779071956873,1.3737990310234896e-05,1.756825887767314e-06,20.5,50.67463992738803,46.0,4.1655575417001584e-05,0.000110025643579,9.346930671340991e-05,0.0002451505257095,France,FRA,grand est,,,Linux-6.1.0-37-amd64-x86_64-with-glibc2.36,3.12.6,3.0.2,13,Intel(R) Xeon(R) Gold 6354 CPU @ 3.00GHz,1,1 x NVIDIA A100 80GB PCIe,4.0324,49.2627,156.0,machine,N,1.0
2025-07-10T17:41:20,codecarbon,fdf4bb5f-7cd5-40e4-bf53-b12e5a4ea2c3,5b0fa12a-3dd7-45bb-9766-cc326314d9f1,1.307494836160913,1.3468208783258022e-06,1.0300773976900428e-06,20.5,25.550544276930825,46.0,4.5603454553444566e-06,9.241951836713724e-06,1.0231337825017464e-05,2.403363511707565e-05,France,FRA,grand est,,,Linux-6.1.0-37-amd64-x86_64-with-glibc2.36,3.12.6,3.0.2,13,Intel(R) Xeon(R) Gold 6354 CPU @ 3.00GHz,1,1 x NVIDIA A100 80GB PCIe,4.0324,49.2627,156.0,machine,N,1.0
2025-07-15T18:02:24,codecarbon,2add1bb1-200a-4c1b-9c0e-575d81aa3a4b,5b0fa12a-3dd7-45bb-9766-cc326314d9f1,1037.8658816640018,0.0023701971590598,2.28372201161455e-06,8.5,82.44313072474925,20.0,0.0032482465259488,0.033476565392342,0.0055706815605332,0.042295493478824,France,FRA,grand est,,,Linux-6.1.0-37-amd64-x86_64-with-glibc2.36,3.12.6,3.0.2,1,Intel(R) Xeon(R) Silver 4214 CPU @ 2.20GHz,1,1 x NVIDIA TITAN RTX,4.0324,49.2627,24.0,machine,N,1.0
2025-07-16T10:28:03,codecarbon,e5b13397-697c-4833-ac7a-d7d686874356,5b0fa12a-3dd7-45bb-9766-cc326314d9f1,2.512626904004719,1.4484244364171166e-06,5.764582215165185e-07,11.815,11.59382114623547,20.0,6.595756858283231e-06,8.086950914032442e-06,1.1164013911103311e-05,2.5846721683418984e-05,France,FRA,grand est,,,Linux-6.1.0-37-amd64-x86_64-with-glibc2.36,3.12.6,3.0.2,1,Intel(R) Xeon(R) Silver 4214 CPU @ 2.20GHz,1,1 x NVIDIA TITAN RTX,4.0324,49.2627,24.0,machine,N,1.0
2025-07-16T10:29:26,codecarbon,33dbfe31-18be-4648-9739-de387124618f,5b0fa12a-3dd7-45bb-9766-cc326314d9f1,1.3435365689947505,5.761186890694617e-07,4.288075980697128e-07,11.05,8.130131044715116,20.0,2.580372537169953e-06,3.0305579800105065e-06,4.669743461110758e-06,1.0280673978291218e-05,France,FRA,grand est,,,Linux-6.1.0-37-amd64-x86_64-with-glibc2.36,3.12.6,3.0.2,1,Intel(R) Xeon(R) Silver 4214 CPU @ 2.20GHz,1,1 x NVIDIA TITAN RTX,4.0324,49.2627,24.0,machine,N,1.0
2025-07-16T10:30:48,codecarbon,e4c1d2da-596c-4598-8baa-bef5a47501a2,5b0fa12a-3dd7-45bb-9766-cc326314d9f1,3.7917898630112177,2.2520925056274378e-06,5.939391651411183e-07,10.341666666666669,11.84475968949572,20.0,9.44786824317803e-06,1.2470565532107791e-05,1.826951578890051e-05,4.018794956418633e-05,France,FRA,grand est,,,Linux-6.1.0-37-amd64-x86_64-with-glibc2.36,3.12.6,3.0.2,1,Intel(R) Xeon(R) Silver 4214 CPU @ 2.20GHz,1,1 x NVIDIA TITAN RTX,4.0324,49.2627,24.0,machine,N,1.0
2025-07-16T10:40:52,codecarbon,07f8fbbd-dc44-4489-9ca8-09506e580403,5b0fa12a-3dd7-45bb-9766-cc326314d9f1,565.5254314119957,0.0004103366834916,7.255848467629346e-07,15.623,35.78994096174042,20.0,0.0020317257600325,0.002255040970698,0.0030355745582219,0.0073223412889526,France,FRA,grand est,,,Linux-6.1.0-37-amd64-x86_64-with-glibc2.36,3.12.6,3.0.2,1,Intel(R) Xeon(R) Silver 4214 CPU @ 2.20GHz,1,1 x NVIDIA TITAN RTX,4.0324,49.2627,24.0,machine,N,1.0
2025-07-16T10:43:40,codecarbon,163d78a9-2e8b-4cae-b5e1-84272b2327cc,5b0fa12a-3dd7-45bb-9766-cc326314d9f1,6.12246875600249,6.8138870261177565e-06,1.1129312860008305e-06,15.7675,38.672312523504026,20.0,2.461499633390617e-05,6.5755608159912e-05,3.12212694889038e-05,0.0001215918739827,France,FRA,grand est,,,Linux-6.1.0-37-amd64-x86_64-with-glibc2.36,3.12.6,3.0.2,1,Intel(R) Xeon(R) Silver 4214 CPU @ 2.20GHz,1,1 x NVIDIA TITAN RTX,4.0324,49.2627,24.0,machine,N,1.0
2025-07-16T10:50:18,codecarbon,4d326c58-f65f-418f-a268-1c1bc35e1241,5b0fa12a-3dd7-45bb-9766-cc326314d9f1,1.323802451006486,5.47175047800028e-07,4.133358775578722e-07,10.115,7.885566461339327,20.0,2.3069621066502605e-06,2.896391205986504e-06,4.560829627815919e-06,9.764182940452683e-06,France,FRA,grand est,,,Linux-6.1.0-37-amd64-x86_64-with-glibc2.36,3.12.6,3.0.2,1,Intel(R) Xeon(R) Silver 4214 CPU @ 2.20GHz,1,1 x NVIDIA TITAN RTX,4.0324,49.2627,24.0,machine,N,1.0
2025-07-16T10:58:59,codecarbon,73faa6c2-2016-4ce0-bdff-b77b51e3c61f,5b0fa12a-3dd7-45bb-9766-cc326314d9f1,55.7332089249976,0.0001107574742932,1.9872796924779807e-06,15.9035,131.2300556200469,20.0,0.000247700977508,0.0014302830886699,0.0002984515285555,0.0019764355947336,France,FRA,grand est,,,Linux-6.1.0-37-amd64-x86_64-with-glibc2.36,3.12.6,3.0.2,1,Intel(R) Xeon(R) Silver 4214 CPU @ 2.20GHz,1,1 x NVIDIA TITAN RTX,4.0324,49.2627,24.0,machine,N,1.0
2025-07-16T11:02:03,codecarbon,1b1c279c-7f6c-4a1d-a6b8-f23079ccc0a1,5b0fa12a-3dd7-45bb-9766-cc326314d9f1,102.85115964798024,0.000409966244482,3.986014799300065e-06,20.783846153846152,204.1428314267032,38.0,0.0005869084051987,0.005680299822014,0.0010485226830822,0.007315730910295,France,FRA,grand est,,,Linux-6.1.0-37-amd64-x86_64-with-glibc2.36,3.12.6,3.0.2,9,Intel(R) Xeon(R) Gold 6246R CPU @ 3.40GHz,1,1 x NVIDIA RTX A6000,4.0324,49.2627,108.0,machine,N,1.0
2025-07-16T11:36:04,codecarbon,6304809f-07c2-4811-af5e-a96c74d9745b,5b0fa12a-3dd7-45bb-9766-cc326314d9f1,2018.9587652990008,0.0090856462762419,4.500164358184114e-06,21.046666666666667,216.706729482832,38.0,0.011779641255255,0.1297557301933898,0.0205953995544417,0.1621307710030866,France,FRA,grand est,,,Linux-6.1.0-37-amd64-x86_64-with-glibc2.36,3.12.6,3.0.2,9,Intel(R) Xeon(R) Gold 6246R CPU @ 3.40GHz,1,1 x NVIDIA RTX A6000,4.0324,49.2627,108.0,machine,N,1.0
2025-07-16T14:27:05,codecarbon,cc082c1e-7516-44b8-9972-875133bedd8d,5b0fa12a-3dd7-45bb-9766-cc326314d9f1,10241.987243573996,0.0461319987355954,4.504203885289889e-06,20.705,227.0616484433764,38.0,0.0597442524705834,0.658979690238886,0.1044884403736598,0.823212383083129,France,FRA,grand est,,,Linux-6.1.0-37-amd64-x86_64-with-glibc2.36,3.12.6,3.0.2,9,Intel(R) Xeon(R) Gold 6246R CPU @ 3.40GHz,1,1 x NVIDIA RTX A6000,4.0324,49.2627,108.0,machine,N,1.0
2025-07-16T14:31:08,codecarbon,5bdb2a3b-7a62-4a4a-a2b1-09bf76ad9b2d,5b0fa12a-3dd7-45bb-9766-cc326314d9f1,119.6048467530054,0.0005145492147278,4.302076618938541e-06,21.402,221.710261124208,38.0,0.0007150229051625,0.0072469385753244,0.0012200227577726,0.0091819842382596,France,FRA,grand est,,,Linux-6.1.0-37-amd64-x86_64-with-glibc2.36,3.12.6,3.0.2,9,Intel(R) Xeon(R) Gold 6246R CPU @ 3.40GHz,1,1 x NVIDIA RTX A6000,4.0324,49.2627,108.0,machine,N,1.0
2025-07-16T14:33:35,codecarbon,fe6cc2e5-72f5-48e0-9a17-82fceaf1cfbf,5b0fa12a-3dd7-45bb-9766-cc326314d9f1,101.49751023499994,0.000267816361631,2.6386495689494586e-06,20.5,148.4747098553954,10.0,0.000557956084476,0.0039489837147401,0.0002721669234416,0.0047791067226578,France,FRA,grand est,,,Linux-6.1.0-37-amd64-x86_64-with-glibc2.36,3.12.6,3.0.2,1,Intel(R) Xeon(R) Gold 6246R CPU @ 3.40GHz,1,1 x NVIDIA RTX A6000,4.0324,49.2627,12.0,machine,N,1.0
2025-07-16T14:35:48,codecarbon,17482a92-58f1-41bd-8722-2af87216996f,5b0fa12a-3dd7-45bb-9766-cc326314d9f1,87.3465093029954,0.0002194181557589,2.512042639252568e-06,20.5,152.78644537319025,10.0,0.0004802470550677,0.0032009467274218,0.0002342607359527,0.0039154545184424,France,FRA,grand est,,,Linux-6.1.0-37-amd64-x86_64-with-glibc2.36,3.12.6,3.0.2,1,Intel(R) Xeon(R) Gold 6246R CPU @ 3.40GHz,1,1 x NVIDIA RTX A6000,4.0324,49.2627,12.0,machine,N,1.0
2025-07-16T14:37:16,codecarbon,92742c76-b149-447a-9779-dfd675506e83,5b0fa12a-3dd7-45bb-9766-cc326314d9f1,45.11284701901605,0.0001096421243563,2.4303969179812726e-06,20.5,165.29573737020294,10.0,0.0002483171992836,0.001587090714116,0.0001211245792639,0.0019565324926636,France,FRA,grand est,,,Linux-6.1.0-37-amd64-x86_64-with-glibc2.36,3.12.6,3.0.2,1,Intel(R) Xeon(R) Gold 6246R CPU @ 3.40GHz,1,1 x NVIDIA RTX A6000,4.0324,49.2627,12.0,machine,N,1.0
2025-07-16T14:38:14,codecarbon,6ec3db92-1c14-4488-b3be-798d588baa85,5b0fa12a-3dd7-45bb-9766-cc326314d9f1,34.98191415099427,5.9472678135370485e-05,1.7000978813985263e-06,20.5,72.42606266087579,10.0,0.0001919148427304,0.0007763767322122,9.298143377220388e-05,0.0010612730087148,France,FRA,grand est,,,Linux-6.1.0-37-amd64-x86_64-with-glibc2.36,3.12.6,3.0.2,1,Intel(R) Xeon(R) Gold 6246R CPU @ 3.40GHz,1,1 x NVIDIA RTX A6000,4.0324,49.2627,12.0,machine,N,1.0
2025-07-16T14:40:07,codecarbon,dfb0cc82-5d53-4d8b-a626-59b2c2715f5a,5b0fa12a-3dd7-45bb-9766-cc326314d9f1,37.7127780750161,6.236380557700029e-05,1.653651859137764e-06,20.5,70.9731761665693,10.0,0.000206177800833,0.0008061173115598,0.0001005692423778,0.0011128643547707,France,FRA,grand est,,,Linux-6.1.0-37-amd64-x86_64-with-glibc2.36,3.12.6,3.0.2,1,Intel(R) Xeon(R) Gold 6246R CPU @ 3.40GHz,1,1 x NVIDIA RTX A6000,4.0324,49.2627,16.0,machine,N,1.0
2025-07-16T20:42:07,codecarbon,6d6af107-ef18-464e-b8be-f209ddc3b309,5b0fa12a-3dd7-45bb-9766-cc326314d9f1,21682.33118196201,0.0953242619030003,4.396402817714666e-06,20.5,164.89909767588782,38.0,0.1244199414157683,1.3554129157183534,0.2212014565224456,1.7010343136565669,France,FRA,grand est,,,Linux-6.1.0-37-amd64-x86_64-with-glibc2.36,3.12.6,3.0.2,5,Intel(R) Xeon(R) Gold 6246R CPU @ 3.40GHz,1,1 x NVIDIA RTX A6000,4.0324,49.2627,80.0,machine,N,1.0
2025-07-17T12:00:20,codecarbon,23e25df1-c7a7-4e04-8b20-4bc5da3f34e2,5b0fa12a-3dd7-45bb-9766-cc326314d9f1,1.3437744740222115,1.0332836839352624e-06,7.689412947713003e-07,20.5,12.747410844855702,38.0,4.795385340379047e-06,4.755281581836357e-06,8.887986228898323e-06,1.843865315111373e-05,France,FRA,grand est,,,Linux-6.1.0-37-amd64-x86_64-with-glibc2.36,3.12.6,3.0.2,7,Intel(R) Xeon(R) Gold 6246R CPU @ 3.40GHz,1,1 x NVIDIA RTX A6000,4.0324,49.2627,112.0,machine,N,1.0
2025-07-17T12:01:47,codecarbon,ac9d5c8c-d2b5-4e1a-a367-33d2c95912d4,5b0fa12a-3dd7-45bb-9766-cc326314d9f1,21.336577064997982,3.587810766427327e-05,1.6815306201635422e-06,20.5,65.85172031018487,38.0,0.0001157864747314,0.0003098344145353,0.0002146137270588,0.0006402346163256,France,FRA,grand est,,,Linux-6.1.0-37-amd64-x86_64-with-glibc2.36,3.12.6,3.0.2,7,Intel(R) Xeon(R) Gold 6246R CPU @ 3.40GHz,1,1 x NVIDIA RTX A6000,4.0324,49.2627,112.0,machine,N,1.0
2025-07-17T15:41:28,codecarbon,906931d6-469d-43aa-be8b-b87adc276c06,5b0fa12a-3dd7-45bb-9766-cc326314d9f1,13142.783988629002,0.0575832378722701,4.381357703367151e-06,20.5,102.60509695767698,38.0,0.0738694039638085,0.8196075598521908,0.1340795213509396,1.0275564851669394,France,FRA,grand est,,,Linux-6.1.0-37-amd64-x86_64-with-glibc2.36,3.12.6,3.0.2,7,Intel(R) Xeon(R) Gold 6246R CPU @ 3.40GHz,1,1 x NVIDIA RTX A6000,4.0324,49.2627,112.0,machine,N,1.0
2025-07-17T16:40:24,codecarbon,6f995746-a212-43e3-a92d-f389bad87a72,5b0fa12a-3dd7-45bb-9766-cc326314d9f1,2.6129865730181336,2.003269220566e-06,7.666588268198108e-07,9.095,11.238060374002693,38.0,5.329826929198599e-06,8.150839853726666e-06,2.226710210242244e-05,3.5747768885347706e-05,France,FRA,grand est,,,Linux-6.1.0-37-amd64-x86_64-with-glibc2.36,3.12.6,3.0.2,5,Intel(R) Xeon(R) Silver 4214 CPU @ 2.20GHz,1,1 x NVIDIA TITAN RTX,4.0324,49.2627,80.0,machine,N,1.0
2025-07-17T16:43:42,codecarbon,c659003e-5a44-4efd-895a-d5605fba08e4,5b0fa12a-3dd7-45bb-9766-cc326314d9f1,142.2104121229786,0.00013169188864,9.26035489765229e-07,9.03125,24.219713161761177,38.0,0.000336956890288,0.0005650273964663,0.0014480199717087,0.0023500042584631,France,FRA,grand est,,,Linux-6.1.0-37-amd64-x86_64-with-glibc2.36,3.12.6,3.0.2,5,Intel(R) Xeon(R) Silver 4214 CPU @ 2.20GHz,1,1 x NVIDIA TITAN RTX,4.0324,49.2627,80.0,machine,N,1.0
2025-07-17T16:54:25,codecarbon,be743eac-cd3d-4a0a-bc64-1ab4c06937ac,5b0fa12a-3dd7-45bb-9766-cc326314d9f1,3.230889010010287,3.299516802517792e-06,1.0212411482706074e-06,8.896666666666668,26.05368923166193,38.0,6.738261429235746e-06,2.336196313379446e-05,2.8778713364445136e-05,5.887893792747535e-05,France,FRA,grand est,,,Linux-6.1.0-37-amd64-x86_64-with-glibc2.36,3.12.6,3.0.2,5,Intel(R) Xeon(R) Silver 4214 CPU @ 2.20GHz,1,1 x NVIDIA TITAN RTX,4.0324,49.2627,80.0,machine,N,1.0
2025-07-17T16:58:25,codecarbon,17fdb712-78ee-45ac-86f8-777274bf20ab,5b0fa12a-3dd7-45bb-9766-cc326314d9f1,3.798082261986565,4.154466211527708e-06,1.0938326041823902e-06,8.783333333333333,29.6908961209218,38.0,8.039996829860213e-06,3.131308060577709e-05,3.4782189280894174e-05,7.413526671653148e-05,France,FRA,grand est,,,Linux-6.1.0-37-amd64-x86_64-with-glibc2.36,3.12.6,3.0.2,5,Intel(R) Xeon(R) Silver 4214 CPU @ 2.20GHz,1,1 x NVIDIA TITAN RTX,4.0324,49.2627,80.0,machine,N,1.0
2025-07-17T20:54:18,codecarbon,f838f7bb-22e0-4e6d-a7a8-185c45e42cef,5b0fa12a-3dd7-45bb-9766-cc326314d9f1,13708.409282102017,0.0614009791088766,4.479073964405411e-06,15.126923076923076,196.5557006250558,38.0,0.0568137622967339,0.8990172644910217,0.1398519637880325,1.0956829905757886,France,FRA,grand est,,,Linux-6.1.0-37-amd64-x86_64-with-glibc2.36,3.12.6,3.0.2,7,Intel(R) Xeon(R) Gold 6226R CPU @ 2.90GHz,1,1 x NVIDIA RTX A6000,4.0324,49.2627,112.0,machine,N,1.0
2025-07-18T11:48:38,codecarbon,f4154d10-6693-4abc-b1ff-bfb074b87cd4,5b0fa12a-3dd7-45bb-9766-cc326314d9f1,3.156803984020371,3.3244915026288296e-06,1.053119395267266e-06,20.5,18.457005377097765,38.0,1.5119265979422684e-05,1.6180290723255553e-05,2.8025047637670976e-05,5.932460434034921e-05,France,FRA,grand est,,,Linux-6.1.0-37-amd64-x86_64-with-glibc2.36,3.12.6,3.0.2,7,Intel(R) Xeon(R) Gold 6246R CPU @ 3.40GHz,1,1 x NVIDIA RTX A6000,4.0324,49.2627,112.0,machine,N,1.0
2025-07-18T12:05:09,codecarbon,a407651d-5d8f-44a5-92d7-3f1d72adf09d,5b0fa12a-3dd7-45bb-9766-cc326314d9f1,3.6617447760072537,4.873142183185945e-06,1.330825188887029e-06,20.5,35.030283875774906,38.0,1.7991237634923892e-05,3.56203062743532e-05,3.334829090551163e-05,8.695983481478871e-05,France,FRA,grand est,,,Linux-6.1.0-37-amd64-x86_64-with-glibc2.36,3.12.6,3.0.2,7,Intel(R) Xeon(R) Gold 6246R CPU @ 3.40GHz,1,1 x NVIDIA RTX A6000,4.0324,49.2627,112.0,machine,N,1.0
2025-07-18T12:11:07,codecarbon,c44f8252-b3d3-4b06-918b-85a874b09095,5b0fa12a-3dd7-45bb-9766-cc326314d9f1,2.5341826109797694,2.59400655402722e-06,1.0236068003893064e-06,20.5,18.841191339899577,38.0,1.1575321019465466e-05,1.3258343939170912e-05,2.1455643452063665e-05,4.628930841070005e-05,France,FRA,grand est,,,Linux-6.1.0-37-amd64-x86_64-with-glibc2.36,3.12.6,3.0.2,7,Intel(R) Xeon(R) Gold 6246R CPU @ 3.40GHz,1,1 x NVIDIA RTX A6000,4.0324,49.2627,112.0,machine,N,1.0
2025-07-18T16:07:59,codecarbon,fb7c1880-60fa-41a4-a848-4e2971450191,5b0fa12a-3dd7-45bb-9766-cc326314d9f1,13249.92289157404,0.0585037627243187,4.415404014277151e-06,20.5,148.32990178490755,38.0,0.0737209020742731,0.8350883675146044,0.1351737194780001,1.043982989066877,France,FRA,grand est,,,Linux-6.1.0-37-amd64-x86_64-with-glibc2.36,3.12.6,3.0.2,7,Intel(R) Xeon(R) Gold 6246R CPU @ 3.40GHz,1,1 x NVIDIA RTX A6000,4.0324,49.2627,112.0,machine,N,1.0
2025-07-18T19:06:19,codecarbon,8d4e446b-3d5c-43d8-b71a-a9ec582f8750,5b0fa12a-3dd7-45bb-9766-cc326314d9f1,2.31080313702114,2.293189432596384e-06,9.923776698488208e-07,15.0,22.26829495987512,38.0,7.5382334665240095e-06,1.4288066992662609e-05,1.9095012065954507e-05,4.0921312525141125e-05,France,FRA,grand est,,,Linux-6.1.0-37-amd64-x86_64-with-glibc2.36,3.12.6,3.0.2,7,Intel(R) Xeon(R) Gold 6226R CPU @ 2.90GHz,1,1 x NVIDIA RTX A6000,4.0324,49.2627,112.0,machine,N,1.0
2025-07-21T15:09:00,codecarbon,72762d1e-a2c5-4f70-bbdf-584acb04fa54,5b0fa12a-3dd7-45bb-9766-cc326314d9f1,12.808774490025826,2.280351619674744e-05,1.7803042917575373e-06,20.5,58.16682871538984,38.0,7.007989962776062e-05,0.0002069398877786,0.0001299024666799,0.0004069222540863,France,FRA,grand est,,,Linux-6.1.0-37-amd64-x86_64-with-glibc2.36,3.12.6,3.0.2,5,Intel(R) Xeon(R) Gold 6246R CPU @ 3.40GHz,1,1 x NVIDIA RTX A6000,4.0324,49.2627,80.0,machine,N,1.0
2025-07-21T15:13:04,codecarbon,46f1403f-a303-4e3c-b3f2-fdcd55e756d5,5b0fa12a-3dd7-45bb-9766-cc326314d9f1,68.47002369200345,0.0002565655663941,3.74712250061792e-06,20.5,187.07169564721195,38.0,0.0003887966294895,0.0034933350168877,0.0006962078385197,0.004578339484897,France,FRA,grand est,,,Linux-6.1.0-37-amd64-x86_64-with-glibc2.36,3.12.6,3.0.2,5,Intel(R) Xeon(R) Gold 6246R CPU @ 3.40GHz,1,1 x NVIDIA RTX A6000,4.0324,49.2627,80.0,machine,N,1.0
2025-07-21T15:32:27,codecarbon,9ec82ada-0b3a-4f17-bf29-469af868e215,5b0fa12a-3dd7-45bb-9766-cc326314d9f1,1113.194315109984,0.0049019236641215,4.403475294101928e-06,20.5,102.13400584849389,38.0,0.0062863968986972,0.0698341589228377,0.0113528763261037,0.0874734321476388,France,FRA,grand est,,,Linux-6.1.0-37-amd64-x86_64-with-glibc2.36,3.12.6,3.0.2,5,Intel(R) Xeon(R) Gold 6246R CPU @ 3.40GHz,1,1 x NVIDIA RTX A6000,4.0324,49.2627,80.0,machine,N,1.0
2025-07-21T16:28:59,codecarbon,80c2d5ed-881d-48ae-97ae-ca619c3bf151,5b0fa12a-3dd7-45bb-9766-cc326314d9f1,3373.370719067985,0.0150320591836613,4.456094641093722e-06,20.5,222.31292405126584,38.0,0.0190322714125762,0.2147958915588006,0.0344146533469249,0.2682428163183019,France,FRA,grand est,,,Linux-6.1.0-37-amd64-x86_64-with-glibc2.36,3.12.6,3.0.2,5,Intel(R) Xeon(R) Gold 6246R CPU @ 3.40GHz,1,1 x NVIDIA RTX A6000,4.0324,49.2627,80.0,machine,N,1.0
2025-07-21T16:29:38,codecarbon,f7fc0cc4-569b-41c5-8432-525bbb34b989,5b0fa12a-3dd7-45bb-9766-cc326314d9f1,2.3357309449929744,2.3742130210362507e-06,1.0164753890535932e-06,20.5,19.371628599936432,38.0,1.0444130752196846e-05,1.2564176717688724e-05,1.9358847922542028e-05,4.23671553924276e-05,France,FRA,grand est,,,Linux-6.1.0-37-amd64-x86_64-with-glibc2.36,3.12.6,3.0.2,5,Intel(R) Xeon(R) Gold 6246R CPU @ 3.40GHz,1,1 x NVIDIA RTX A6000,4.0324,49.2627,80.0,machine,N,1.0
2025-07-21T16:31:11,codecarbon,55df9141-bc71-4124-984a-0fe7670c449b,5b0fa12a-3dd7-45bb-9766-cc326314d9f1,3.093393378076144,3.859425008309013e-06,1.2476347287939444e-06,20.5,31.14351570786033,38.0,1.4759140822797136e-05,2.675418807029928e-05,2.735701155389607e-05,6.887034044699249e-05,France,FRA,grand est,,,Linux-6.1.0-37-amd64-x86_64-with-glibc2.36,3.12.6,3.0.2,5,Intel(R) Xeon(R) Gold 6246R CPU @ 3.40GHz,1,1 x NVIDIA RTX A6000,4.0324,49.2627,80.0,machine,N,1.0
2025-07-21T16:33:49,codecarbon,8298c174-0c82-4528-858e-f206fc5aa029,5b0fa12a-3dd7-45bb-9766-cc326314d9f1,13.716360721969975,2.515606604681651e-05,1.83401899065859e-06,20.5,61.46214772911277,38.0,7.525100019317405e-05,0.0002341640762182,0.0001394877599492,0.0004489028363606,France,FRA,grand est,,,Linux-6.1.0-37-amd64-x86_64-with-glibc2.36,3.12.6,3.0.2,5,Intel(R) Xeon(R) Gold 6246R CPU @ 3.40GHz,1,1 x NVIDIA RTX A6000,4.0324,49.2627,80.0,machine,N,1.0
2025-07-21T17:56:58,codecarbon,0049e3de-b39b-4bbe-b023-12ec6d0b05c1,5b0fa12a-3dd7-45bb-9766-cc326314d9f1,3.0560739235952497,3.077299630377857e-06,1.0069454166729175e-06,27.0,10.403166054572145,38.0,1.9149173267651348e-05,8.82806261870428e-06,2.69362998722742e-05,5.4913535758629824e-05,France,FRA,grand est,,,Linux-6.1.0-37-amd64-x86_64-with-glibc2.36,3.12.6,3.0.2,128,Intel(R) Xeon(R) Gold 6430,1,1 x NVIDIA RTX 5000 Ada Generation,4.0324,49.2627,125.56350708007812,machine,N,1.0
2025-07-21T17:57:58,codecarbon,a8cddc87-4684-44c9-bdc0-2033ad97081c,5b0fa12a-3dd7-45bb-9766-cc326314d9f1,13.229609286412597,1.5319036498836566e-05,1.1579356704487036e-06,27.0,11.863528960699378,38.0,9.544738918310032e-05,4.3593090438776017e-05,0.0001343233651797,0.0002733638448015,France,FRA,grand est,,,Linux-6.1.0-37-amd64-x86_64-with-glibc2.36,3.12.6,3.0.2,128,Intel(R) Xeon(R) Gold 6430,1,1 x NVIDIA RTX 5000 Ada Generation,4.0324,49.2627,125.56350708007812,machine,N,1.0
2025-07-21T17:59:13,codecarbon,93b714d9-37c5-440a-a029-c05a39463cca,5b0fa12a-3dd7-45bb-9766-cc326314d9f1,6.0220165606588125,6.63999053829519e-06,1.10261910963074e-06,27.0,11.262226749860265,38.0,4.139713244279847e-05,1.883557061432839e-05,5.825603761089345e-05,0.000118488740668,France,FRA,grand est,,,Linux-6.1.0-37-amd64-x86_64-with-glibc2.36,3.12.6,3.0.2,128,Intel(R) Xeon(R) Gold 6430,1,1 x NVIDIA RTX 5000 Ada Generation,4.0324,49.2627,125.56350708007812,machine,N,1.0
2025-07-21T18:01:57,codecarbon,951a1770-f0aa-4f7a-a16a-fc8a81289f21,5b0fa12a-3dd7-45bb-9766-cc326314d9f1,2.5334926806390285,2.4354254771323264e-06,9.612916965357225e-07,27.0,9.673375337066506,38.0,1.522963115712628e-05,6.8044498817698695e-06,2.142539320461865e-05,4.3459474243514805e-05,France,FRA,grand est,,,Linux-6.1.0-37-amd64-x86_64-with-glibc2.36,3.12.6,3.0.2,128,Intel(R) Xeon(R) Gold 6430,1,1 x NVIDIA RTX 5000 Ada Generation,4.0324,49.2627,125.56350708007812,machine,N,1.0
2025-07-21T20:14:43,codecarbon,c0c87618-fae7-4881-8d79-843c8d8d31d2,5b0fa12a-3dd7-45bb-9766-cc326314d9f1,13217.589590316056,0.0591048774734264,4.471683514574399e-06,20.5,104.6316210577816,38.0,0.0746050252879926,0.8452615967642956,0.1348430885675744,1.0547097106198626,France,FRA,grand est,,,Linux-6.1.0-37-amd64-x86_64-with-glibc2.36,3.12.6,3.0.2,5,Intel(R) Xeon(R) Gold 6246R CPU @ 3.40GHz,1,1 x NVIDIA RTX A6000,4.0324,49.2627,80.0,machine,N,1.0
2025-07-22T10:57:35,codecarbon,0ab19f34-ae81-44fb-be81-5da1b796a458,5b0fa12a-3dd7-45bb-9766-cc326314d9f1,7.130609792016912,5.792288728612638e-06,8.123132379361729e-07,8.5,8.963325045800238,38.0,1.565000571361452e-05,1.7750291978035904e-05,6.996144553382894e-05,0.0001033617432254,France,FRA,grand est,,,Linux-6.1.0-37-amd64-x86_64-with-glibc2.36,3.12.6,3.0.2,5,Intel(R) Xeon(R) Silver 4214 CPU @ 2.20GHz,1,1 x NVIDIA TITAN RTX,4.0324,49.2627,80.0,machine,N,1.0
2025-07-22T10:59:55,codecarbon,7e3d9289-a4aa-4a21-a167-c5c56c980419,5b0fa12a-3dd7-45bb-9766-cc326314d9f1,4.9136056110146455,4.747686402895404e-06,9.662326972788971e-07,9.095,19.800971709709785,38.0,1.1143872858399564e-05,2.7018077169760343e-05,4.655916210616447e-05,8.472111213432437e-05,France,FRA,grand est,,,Linux-6.1.0-37-amd64-x86_64-with-glibc2.36,3.12.6,3.0.2,5,Intel(R) Xeon(R) Silver 4214 CPU @ 2.20GHz,1,1 x NVIDIA TITAN RTX,4.0324,49.2627,80.0,machine,N,1.0
2025-07-22T11:22:33,codecarbon,4e669d0d-0fd8-4344-a0f0-61ce8303cfe7,5b0fa12a-3dd7-45bb-9766-cc326314d9f1,3.180361513979733,2.390681776623027e-06,7.517012660713079e-07,8.726666666666668,8.956239455095831,38.0,6.490734309331662e-06,7.908339660467334e-06,2.8261961677215165e-05,4.266103564701416e-05,France,FRA,grand est,,,Linux-6.1.0-37-amd64-x86_64-with-glibc2.36,3.12.6,3.0.2,5,Intel(R) Xeon(R) Silver 4214 CPU @ 2.20GHz,1,1 x NVIDIA TITAN RTX,4.0324,49.2627,80.0,machine,N,1.0
2025-07-22T11:26:21,codecarbon,7be392df-1b4b-4120-980c-8f347f82f1b3,5b0fa12a-3dd7-45bb-9766-cc326314d9f1,3.1958382469892967,2.400962012932287e-06,7.512777016152683e-07,9.236666666666668,8.462498342577314,38.0,6.909851521531986e-06,7.508617118290317e-06,2.8426014897219524e-05,4.284448353704183e-05,France,FRA,grand est,,,Linux-6.1.0-37-amd64-x86_64-with-glibc2.36,3.12.6,3.0.2,5,Intel(R) Xeon(R) Silver 4214 CPU @ 2.20GHz,1,1 x NVIDIA TITAN RTX,4.0324,49.2627,80.0,machine,N,1.0
2025-07-22T11:27:16,codecarbon,9fcf0209-715f-4d12-b13b-6d18306f5395,5b0fa12a-3dd7-45bb-9766-cc326314d9f1,6.207357997016516,6.810218635041811e-06,1.097120326927342e-06,8.925,27.35801678179249,38.0,1.4143826306753303e-05,4.716364884149726e-05,6.021893744015768e-05,0.0001215264125884,France,FRA,grand est,,,Linux-6.1.0-37-amd64-x86_64-with-glibc2.36,3.12.6,3.0.2,5,Intel(R) Xeon(R) Silver 4214 CPU @ 2.20GHz,1,1 x NVIDIA TITAN RTX,4.0324,49.2627,80.0,machine,N,1.0
2025-07-22T11:29:04,codecarbon,0e6a1dc0-f6c4-4e9b-9637-42a5da779bc3,5b0fa12a-3dd7-45bb-9766-cc326314d9f1,2.4404876769986004,1.7305154796217865e-06,7.090859322633566e-07,8.967500000000001,8.272040288903261,38.0,4.82637070701207e-06,5.603893372008173e-06,2.0450291955559e-05,3.088055603457924e-05,France,FRA,grand est,,,Linux-6.1.0-37-amd64-x86_64-with-glibc2.36,3.12.6,3.0.2,5,Intel(R) Xeon(R) Silver 4214 CPU @ 2.20GHz,1,1 x NVIDIA TITAN RTX,4.0324,49.2627,80.0,machine,N,1.0
2025-07-22T11:34:10,codecarbon,f4e297dc-ea98-4ea4-b092-75ff7267e0a5,5b0fa12a-3dd7-45bb-9766-cc326314d9f1,2.4217545480059925,1.699568607817728e-06,7.017922642974314e-07,8.754999999999999,8.041498661738508,38.0,4.667126628281807e-06,5.406115435757641e-06,2.025507585415552e-05,3.032831791819497e-05,France,FRA,grand est,,,Linux-6.1.0-37-amd64-x86_64-with-glibc2.36,3.12.6,3.0.2,5,Intel(R) Xeon(R) Silver 4214 CPU @ 2.20GHz,1,1 x NVIDIA TITAN RTX,4.0324,49.2627,80.0,machine,N,1.0
2025-07-22T11:34:54,codecarbon,3802c0c8-82aa-4c9a-80a1-febf32900482,5b0fa12a-3dd7-45bb-9766-cc326314d9f1,2.329085628996836,1.616513968683137e-06,6.940551899671409e-07,8.627500000000001,8.026808676767773,38.0,4.377396622870462e-06,5.189726373977521e-06,1.927910853267854e-05,2.8846231529526523e-05,France,FRA,grand est,,,Linux-6.1.0-37-amd64-x86_64-with-glibc2.36,3.12.6,3.0.2,5,Intel(R) Xeon(R) Silver 4214 CPU @ 2.20GHz,1,1 x NVIDIA TITAN RTX,4.0324,49.2627,80.0,machine,N,1.0
2025-07-22T11:36:40,codecarbon,7fd976ba-8a3a-499d-9a26-78be7f98c01c,5b0fa12a-3dd7-45bb-9766-cc326314d9f1,2.4302064570074435,1.728325844226028e-06,7.1118477989491e-07,8.840000000000002,8.543391970768043,38.0,4.733271767761068e-06,5.763615722020887e-06,2.03445951245764e-05,3.0841482614358353e-05,France,FRA,grand est,,,Linux-6.1.0-37-amd64-x86_64-with-glibc2.36,3.12.6,3.0.2,5,Intel(R) Xeon(R) Silver 4214 CPU @ 2.20GHz,1,1 x NVIDIA TITAN RTX,4.0324,49.2627,80.0,machine,N,1.0
2025-07-22T11:38:31,codecarbon,8b82a679-a69a-4097-a074-ce25b7978357,5b0fa12a-3dd7-45bb-9766-cc326314d9f1,11.146384246996604,1.5014382346383492e-05,1.3470181911617772e-06,8.67,41.9713624579651,38.0,2.563467158413138e-05,0.0001299389928397,0.000112353713766,0.0002679273781898,France,FRA,grand est,,,Linux-6.1.0-37-amd64-x86_64-with-glibc2.36,3.12.6,3.0.2,5,Intel(R) Xeon(R) Silver 4214 CPU @ 2.20GHz,1,1 x NVIDIA TITAN RTX,4.0324,49.2627,80.0,machine,N,1.0
2025-07-22T11:43:00,codecarbon,3efdebfc-299d-414a-b792-f9b3b17f603e,5b0fa12a-3dd7-45bb-9766-cc326314d9f1,8.344893918983871,1.0553601909566796e-05,1.2646777792535283e-06,9.86,36.270041559565385,38.0,2.1480157584997583e-05,8.406340058408901e-05,8.27824631654625e-05,0.0001883260213345,France,FRA,grand est,,,Linux-6.1.0-37-amd64-x86_64-with-glibc2.36,3.12.6,3.0.2,5,Intel(R) Xeon(R) Silver 4214 CPU @ 2.20GHz,1,1 x NVIDIA TITAN RTX,4.0324,49.2627,80.0,machine,N,1.0
2025-07-22T11:44:43,codecarbon,08f2c727-e225-4b63-af37-61053c858d9c,5b0fa12a-3dd7-45bb-9766-cc326314d9f1,7.253702182992129,8.756084776786305e-06,1.2071194206617466e-06,9.86,33.008021731764686,38.0,1.849108910574998e-05,6.649671986425076e-05,7.126203090555564e-05,0.0001562498398755,France,FRA,grand est,,,Linux-6.1.0-37-amd64-x86_64-with-glibc2.36,3.12.6,3.0.2,5,Intel(R) Xeon(R) Silver 4214 CPU @ 2.20GHz,1,1 x NVIDIA TITAN RTX,4.0324,49.2627,80.0,machine,N,1.0
2025-07-22T11:46:18,codecarbon,7abe71a5-e97f-4664-9d9a-682ec1fb64e0,5b0fa12a-3dd7-45bb-9766-cc326314d9f1,7.002731966989813,8.29668883547987e-06,1.1847788655327153e-06,9.194166666666668,32.30893698019683,38.0,1.6601665673856416e-05,6.283643915772075e-05,6.861394526710178e-05,0.0001480520500986,France,FRA,grand est,,,Linux-6.1.0-37-amd64-x86_64-with-glibc2.36,3.12.6,3.0.2,5,Intel(R) Xeon(R) Silver 4214 CPU @ 2.20GHz,1,1 x NVIDIA TITAN RTX,4.0324,49.2627,80.0,machine,N,1.0
2025-07-22T11:47:20,codecarbon,294725ae-7625-40ae-817c-6614f53c9201,5b0fa12a-3dd7-45bb-9766-cc326314d9f1,6.933387557975948,8.278631558383638e-06,1.1940240595465004e-06,9.930833333333334,32.25393800353697,38.0,1.774039771581119e-05,6.210810524276411e-05,6.788132017145269e-05,0.00014772982313,France,FRA,grand est,,,Linux-6.1.0-37-amd64-x86_64-with-glibc2.36,3.12.6,3.0.2,5,Intel(R) Xeon(R) Silver 4214 CPU @ 2.20GHz,1,1 x NVIDIA TITAN RTX,4.0324,49.2627,80.0,machine,N,1.0
2025-07-22T11:59:51,codecarbon,9f6343a7-e524-4a42-a355-c25a03b21313,5b0fa12a-3dd7-45bb-9766-cc326314d9f1,8.972536593006225,1.1604878510708635e-05,1.2933776742414432e-06,9.679375,38.08279526836119,38.0,2.27745522447599e-05,9.490424258995488e-05,8.940695813569214e-05,0.0002070857529704,France,FRA,grand est,,,Linux-6.1.0-37-amd64-x86_64-with-glibc2.36,3.12.6,3.0.2,5,Intel(R) Xeon(R) Silver 4214 CPU @ 2.20GHz,1,1 x NVIDIA TITAN RTX,4.0324,49.2627,80.0,machine,N,1.0
2025-07-22T13:58:44,codecarbon,8b7df9d8-bbe9-45bb-bf46-cceb598ca58e,5b0fa12a-3dd7-45bb-9766-cc326314d9f1,2.4348664240096696,1.7149278162611225e-06,7.043211074540292e-07,9.01,7.945002829615522,38.0,4.8362756980667965e-06,5.37028207414636e-06,2.0395840847696592e-05,3.060239861990975e-05,France,FRA,grand est,,,Linux-6.1.0-37-amd64-x86_64-with-glibc2.36,3.12.6,3.0.2,5,Intel(R) Xeon(R) Silver 4214 CPU @ 2.20GHz,1,1 x NVIDIA TITAN RTX,4.0324,49.2627,80.0,machine,N,1.0
2025-07-22T14:16:57,codecarbon,b565a6bd-14a4-44d2-966c-72ac9e41751d,5b0fa12a-3dd7-45bb-9766-cc326314d9f1,2.332478121010354,1.6193454101043687e-06,6.942596354999981e-07,8.840000000000002,7.86094901815834,38.0,4.493267422850155e-06,5.089726293761032e-06,1.9313764078930643e-05,2.8896757795541828e-05,France,FRA,grand est,,,Linux-6.1.0-37-amd64-x86_64-with-glibc2.36,3.12.6,3.0.2,5,Intel(R) Xeon(R) Silver 4214 CPU @ 2.20GHz,1,1 x NVIDIA TITAN RTX,4.0324,49.2627,80.0,machine,N,1.0
2025-07-22T14:17:53,codecarbon,5ffdf90e-979b-458c-aa4f-1e70572e58e2,5b0fa12a-3dd7-45bb-9766-cc326314d9f1,2.909367124986602,2.128089918788307e-06,7.314614578928767e-07,8.5425,8.493058725468057,38.0,5.711171721339815e-06,6.86000548810739e-06,2.5403981497672955e-05,3.797515870712016e-05,France,FRA,grand est,,,Linux-6.1.0-37-amd64-x86_64-with-glibc2.36,3.12.6,3.0.2,5,Intel(R) Xeon(R) Silver 4214 CPU @ 2.20GHz,1,1 x NVIDIA TITAN RTX,4.0324,49.2627,80.0,machine,N,1.0
2025-07-22T14:18:33,codecarbon,61506398-142a-4e33-b708-6b9ffe4058e4,5b0fa12a-3dd7-45bb-9766-cc326314d9f1,2.2741059390245937,1.5650606839450578e-06,6.882092241561716e-07,8.5,7.994463949020799,38.0,4.182917702544526e-06,5.046670704444978e-06,1.869847390577585e-05,2.7928062312765354e-05,France,FRA,grand est,,,Linux-6.1.0-37-amd64-x86_64-with-glibc2.36,3.12.6,3.0.2,5,Intel(R) Xeon(R) Silver 4214 CPU @ 2.20GHz,1,1 x NVIDIA TITAN RTX,4.0324,49.2627,80.0,machine,N,1.0
2025-07-22T14:19:35,codecarbon,e1129dd4-335a-4810-8354-05880fbc939f,5b0fa12a-3dd7-45bb-9766-cc326314d9f1,6.993557982001221,8.442095941744861e-06,1.207124608600033e-06,9.888333333333334,33.10606865475993,38.0,1.7829372751958404e-05,6.430255144218577e-05,6.85148743166226e-05,0.0001506467985107,France,FRA,grand est,,,Linux-6.1.0-37-amd64-x86_64-with-glibc2.36,3.12.6,3.0.2,5,Intel(R) Xeon(R) Silver 4214 CPU @ 2.20GHz,1,1 x NVIDIA TITAN RTX,4.0324,49.2627,80.0,machine,N,1.0
2025-07-22T14:27:20,codecarbon,75ea32b3-a4a5-4d74-97ff-3180f460ec58,5b0fa12a-3dd7-45bb-9766-cc326314d9f1,6.985260340996319,8.531435996989683e-06,1.2213483221117611e-06,10.143333333333333,33.800269649041475,38.0,1.826273607450757e-05,6.556171911631381e-05,6.841659116956483e-05,0.0001522410463603,France,FRA,grand est,,,Linux-6.1.0-37-amd64-x86_64-with-glibc2.36,3.12.6,3.0.2,5,Intel(R) Xeon(R) Silver 4214 CPU @ 2.20GHz,1,1 x NVIDIA TITAN RTX,4.0324,49.2627,80.0,machine,N,1.0
2025-07-22T14:28:03,codecarbon,1f3269ef-aeb4-46c6-a0ec-eab41ecb72d6,5b0fa12a-3dd7-45bb-9766-cc326314d9f1,6.944388517993502,8.552107540602942e-06,1.2315134037278736e-06,10.171666666666669,34.43250725947684,38.0,1.820205285893264e-05,6.640894201614955e-05,6.799892929563713e-05,0.0001526099241707,France,FRA,grand est,,,Linux-6.1.0-37-amd64-x86_64-with-glibc2.36,3.12.6,3.0.2,5,Intel(R) Xeon(R) Silver 4214 CPU @ 2.20GHz,1,1 x NVIDIA TITAN RTX,4.0324,49.2627,80.0,machine,N,1.0
2025-07-22T15:09:39,codecarbon,de418431-9cd0-4fba-8ccf-4d63b36922d9,5b0fa12a-3dd7-45bb-9766-cc326314d9f1,218.7671296949848,0.0003611334300202,1.6507664132347818e-06,8.575555555555557,62.739409151832085,38.0,0.000502710495657,0.0037120218585036,0.0022295908853735,0.0064443232395342,France,FRA,grand est,,,Linux-6.1.0-37-amd64-x86_64-with-glibc2.36,3.12.6,3.0.2,5,Intel(R) Xeon(R) Silver 4214 CPU @ 2.20GHz,1,1 x NVIDIA TITAN RTX,4.0324,49.2627,80.0,machine,N,1.0
2025-07-22T15:31:32,codecarbon,8fb06e2e-ba0b-4058-be04-fe371f356862,5b0fa12a-3dd7-45bb-9766-cc326314d9f1,167.37553050399993,0.0004827124998746,2.8840087820547147e-06,75.0,76.65032177369879,20.0,0.0034867393979791,0.004197350302322,0.0009297774257111,0.0086138671260122,France,FRA,grand est,,,Linux-6.1.0-37-amd64-x86_64-with-glibc2.36,3.12.6,3.0.2,25,Intel(R) Xeon(R) Gold 6226R CPU @ 2.90GHz,1,1 x NVIDIA RTX A6000,4.0324,49.2627,50.0,machine,N,1.0
2025-07-22T15:54:04,codecarbon,0c36a619-e375-403e-a2e5-5358c71f2cfc,5b0fa12a-3dd7-45bb-9766-cc326314d9f1,424.358009433985,0.00080159979498,1.888970579462544e-06,8.534000000000002,61.0773137340699,38.0,0.0012450619618233,0.008733759487002,0.0043254986671667,0.0143043201159921,France,FRA,grand est,,,Linux-6.1.0-37-amd64-x86_64-with-glibc2.36,3.12.6,3.0.2,9,Intel(R) Xeon(R) Silver 4214 CPU @ 2.20GHz,1,1 x NVIDIA TITAN RTX,4.0324,49.2627,108.0,machine,N,1.0
2025-07-22T16:01:26,codecarbon,32793f96-d1e8-443a-9157-82044582e6f7,5b0fa12a-3dd7-45bb-9766-cc326314d9f1,187.719111151,0.0004303226858315,2.2923754709522607e-06,42.5,65.07894806832458,38.0,0.0022159090515215,0.0034818436188059,0.0019812331401172,0.0076789858104447,France,FRA,grand est,,,Linux-6.1.0-37-amd64-x86_64-with-glibc2.36,3.12.6,3.0.2,9,Intel(R) Xeon(R) Silver 4210 CPU @ 2.20GHz,1,1 x NVIDIA GeForce RTX 2080 Ti,4.0324,49.2627,108.0,machine,N,1.0
2025-07-22T16:03:44,codecarbon,e5da0e25-d511-4e9f-9828-3418c840db41,5b0fa12a-3dd7-45bb-9766-cc326314d9f1,89.98111520998646,0.0001916098943694,2.129445650037762e-06,11.781000000000002,94.77729265911336,38.0,0.0003092388160615,0.0021920192536142,0.0009179659416279,0.0034192240113037,France,FRA,grand est,,,Linux-6.1.0-37-amd64-x86_64-with-glibc2.36,3.12.6,3.0.2,9,Intel(R) Xeon(R) Silver 4214 CPU @ 2.20GHz,1,1 x NVIDIA TITAN RTX,4.0324,49.2627,108.0,machine,N,1.0
2025-07-22T16:09:08,codecarbon,2e4834bc-f1ab-4903-8011-f6b33b383828,5b0fa12a-3dd7-45bb-9766-cc326314d9f1,241.029323826,0.0005895251081182,2.445864672233132e-06,42.5,62.315723060148215,38.0,0.0028451969295097,0.005130830771328,0.0025438800084049,0.0105199077092427,France,FRA,grand est,,,Linux-6.1.0-37-amd64-x86_64-with-glibc2.36,3.12.6,3.0.2,13,Intel(R) Xeon(R) Silver 4210 CPU @ 2.20GHz,1,1 x NVIDIA GeForce RTX 2080 Ti,4.0324,49.2627,104.0,machine,N,1.0
2025-07-23T03:33:12,codecarbon,6aa652ee-d872-4cab-be10-4af7de1de111,5b0fa12a-3dd7-45bb-9766-cc326314d9f1,43238.94401069,0.1013635231207094,2.3442645383672926e-06,75.0,16.45285293300664,20.0,0.9007450271820407,0.6678630740122539,0.2401951094395273,1.8088032106338328,France,FRA,grand est,,,Linux-6.1.0-37-amd64-x86_64-with-glibc2.36,3.12.6,3.0.2,51,Intel(R) Xeon(R) Gold 6226R CPU @ 2.90GHz,1,1 x NVIDIA RTX A6000,4.0324,49.2627,51.0,machine,N,1.0
2025-07-23T04:09:17,codecarbon,55101bbd-8fda-40e9-b1ed-3d33251d4675,5b0fa12a-3dd7-45bb-9766-cc326314d9f1,43158.865061552,0.0905365814076648,2.0977516734637022e-06,13.26,102.12324938077168,42.0,0.1593619548378391,0.9695938726189226,0.4866436908727042,1.6155995183294636,France,FRA,grand est,,,Linux-6.1.0-37-amd64-x86_64-with-glibc2.36,3.12.6,3.0.2,13,Intel(R) Xeon(R) Silver 4214 CPU @ 2.20GHz,1,1 x NVIDIA TITAN RTX,4.0324,49.2627,130.0,machine,N,1.0
2025-07-23T09:41:13,codecarbon,708af534-50b3-4dd9-86ff-6657472cdfd6,5b0fa12a-3dd7-45bb-9766-cc326314d9f1,8.715189570997609,1.0976736987333777e-05,1.2594949195209863e-06,9.37125,32.50860223793577,42.0,2.1378357735020105e-05,7.868728517212986e-05,9.581110341833362e-05,0.0001958767463254,France,FRA,grand est,,,Linux-6.1.0-37-amd64-x86_64-with-glibc2.36,3.12.6,3.0.2,13,Intel(R) Xeon(R) Silver 4214 CPU @ 2.20GHz,1,1 x NVIDIA TITAN RTX,4.0324,49.2627,130.0,machine,N,1.0
2025-07-23T09:42:17,codecarbon,56da28aa-9e6a-42b7-bb55-dc67ab9b93da,5b0fa12a-3dd7-45bb-9766-cc326314d9f1,5.490441692003515,6.5378944360110905e-06,1.190777500748824e-06,9.707,29.53193727630242,42.0,1.3449142463754263e-05,4.502892491231592e-05,5.818879741471999e-05,0.0001166668647907,France,FRA,grand est,,,Linux-6.1.0-37-amd64-x86_64-with-glibc2.36,3.12.6,3.0.2,13,Intel(R) Xeon(R) Silver 4214 CPU @ 2.20GHz,1,1 x NVIDIA TITAN RTX,4.0324,49.2627,130.0,machine,N,1.0
2025-07-23T09:43:54,codecarbon,b793e772-cc88-49da-be5e-020424faa595,5b0fa12a-3dd7-45bb-9766-cc326314d9f1,6.661581235995982,7.528782087446696e-06,1.1301794304878814e-06,8.755,25.685772850816704,42.0,1.4978074929326896e-05,4.752031579347005e-05,7.18505820898281e-05,0.0001343489728126,France,FRA,grand est,,,Linux-6.1.0-37-amd64-x86_64-with-glibc2.36,3.12.6,3.0.2,13,Intel(R) Xeon(R) Silver 4214 CPU @ 2.20GHz,1,1 x NVIDIA TITAN RTX,4.0324,49.2627,130.0,machine,N,1.0
2025-07-23T09:46:42,codecarbon,084bcb19-7a90-44d6-b9eb-bc46739ffc65,5b0fa12a-3dd7-45bb-9766-cc326314d9f1,47.96558246700442,0.000100486962516,2.094980553715553e-06,10.256666666666668,99.54111384582006,42.0,0.000128765143738,0.0011282903470757,0.0005361057453969,0.0017931612362107,France,FRA,grand est,,,Linux-6.1.0-37-amd64-x86_64-with-glibc2.36,3.12.6,3.0.2,13,Intel(R) Xeon(R) Silver 4214 CPU @ 2.20GHz,1,1 x NVIDIA TITAN RTX,4.0324,49.2627,130.0,machine,N,1.0
2025-07-23T09:49:17,codecarbon,7a932614-6902-410d-b5ba-f9ebc2a193bc,5b0fa12a-3dd7-45bb-9766-cc326314d9f1,95.73913042401546,0.0002285012674427,2.386707153394195e-06,11.404166666666669,113.23054851989004,42.0,0.0002571206115555,0.0027445238622849,0.0010758955865234,0.0040775400603639,France,FRA,grand est,,,Linux-6.1.0-37-amd64-x86_64-with-glibc2.36,3.12.6,3.0.2,13,Intel(R) Xeon(R) Silver 4214 CPU @ 2.20GHz,1,1 x NVIDIA TITAN RTX,4.0324,49.2627,130.0,machine,N,1.0
2025-07-23T10:02:32,codecarbon,624cc954-6e83-457b-bfb2-4bc1cf4e0a11,5b0fa12a-3dd7-45bb-9766-cc326314d9f1,708.807421244,0.0013990825594472,1.973854276231654e-06,15.0,35.97641538080859,66.0,0.0028899119302576,0.009525933454074,0.0125503845528049,0.0249662299371366,France,FRA,grand est,,,Linux-6.1.0-31-amd64-x86_64-with-glibc2.36,3.12.6,3.0.2,25,Intel(R) Xeon(R) Gold 6136 CPU @ 3.00GHz,1,1 x Tesla V100-PCIE-16GB,4.0324,49.2627,225.0,machine,N,1.0
2025-07-23T10:09:26,codecarbon,7a179110-dffe-4db2-950b-da19424b7be5,5b0fa12a-3dd7-45bb-9766-cc326314d9f1,210.3509794250131,0.0003557383745449,1.691165762657208e-06,27.0,42.98702500452874,38.0,0.0015320197517685,0.002670170191692,0.0021458600671568,0.0063480500106174,France,FRA,grand est,,,Linux-6.1.0-37-amd64-x86_64-with-glibc2.36,3.12.6,3.0.2,128,Intel(R) Xeon(R) Gold 6430,1,1 x NVIDIA RTX 5000 Ada Generation,4.0324,49.2627,125.56350708007812,machine,N,1.0
2025-07-23T10:13:44,codecarbon,2ad0abf6-b5f5-428b-80cc-6c57ea7380c2,5b0fa12a-3dd7-45bb-9766-cc326314d9f1,169.37428953126073,0.0003248580999088,1.91798944696919e-06,34.425,43.2784306707101,38.0,0.0012401094298454,0.0028329536552575,0.0017239372166308,0.0057970003017338,France,FRA,grand est,,,Linux-6.1.0-37-amd64-x86_64-with-glibc2.36,3.12.6,3.0.2,128,Intel(R) Xeon(R) Gold 6430,1,1 x NVIDIA RTX 5000 Ada Generation,4.0324,49.2627,125.56350708007812,machine,N,1.0
2025-07-23T10:25:54,codecarbon,608104dc-a022-4155-a311-d5ad64a3d745,5b0fa12a-3dd7-45bb-9766-cc326314d9f1,702.3506901115179,0.0012720414641158,1.8111201170940856e-06,28.6425,46.31428938146202,38.0,0.0051043703346888,0.0104309908447817,0.007163856581658,0.0226992177611285,France,FRA,grand est,,,Linux-6.1.0-37-amd64-x86_64-with-glibc2.36,3.12.6,3.0.2,128,Intel(R) Xeon(R) Gold 6430,1,1 x NVIDIA RTX 5000 Ada Generation,4.0324,49.2627,125.56350708007812,machine,N,1.0
2025-07-23T12:14:42,codecarbon,526776e1-3f72-463d-951b-93d298d54087,5b0fa12a-3dd7-45bb-9766-cc326314d9f1,6495.348968904465,0.0148018249797981,2.2788344476424137e-06,27.0,89.50855348736472,38.0,0.0470841995606689,0.1507896553538472,0.0662604975863872,0.2641343525009034,France,FRA,grand est,,,Linux-6.1.0-37-amd64-x86_64-with-glibc2.36,3.12.6,3.0.2,128,Intel(R) Xeon(R) Gold 6430,1,1 x NVIDIA RTX 5000 Ada Generation,4.0324,49.2627,125.56350708007812,machine,N,1.0
2025-07-23T13:33:39,codecarbon,4a91fed7-e470-4290-a2dd-0d9f3003a3a1,5b0fa12a-3dd7-45bb-9766-cc326314d9f1,12.690359014086424,1.933798665956213e-05,1.523832906389549e-06,27.0,35.47109102218291,38.0,9.140902740648017e-05,0.0001250281555797,0.0001286436831883,0.0003450808661746,France,FRA,grand est,,,Linux-6.1.0-37-amd64-x86_64-with-glibc2.36,3.12.6,3.0.2,128,Intel(R) Xeon(R) Gold 6430,1,1 x NVIDIA RTX 5000 Ada Generation,4.0324,49.2627,125.56350708007812,machine,N,1.0
2025-07-23T13:34:57,codecarbon,0518af63-d1c4-4868-8537-0f929cf6300a,5b0fa12a-3dd7-45bb-9766-cc326314d9f1,2.507776213809848,2.3972124316649704e-06,9.559116233992396e-07,27.0,9.485722469632128,38.0,1.502824504394084e-05,6.6002830720890415e-06,2.114904521084908e-05,4.277757332687896e-05,France,FRA,grand est,,,Linux-6.1.0-37-amd64-x86_64-with-glibc2.36,3.12.6,3.0.2,128,Intel(R) Xeon(R) Gold 6430,1,1 x NVIDIA RTX 5000 Ada Generation,4.0324,49.2627,125.56350708007812,machine,N,1.0
2025-07-23T13:35:25,codecarbon,df528094-8669-472d-9cd2-cdeeb6e80718,5b0fa12a-3dd7-45bb-9766-cc326314d9f1,1.226993601769209,8.543945655238592e-07,6.963317203055524e-07,27.0,6.328001606158509,38.0,5.438447333872319e-06,2.155279503313068e-06,7.652700927832888e-06,1.5246427765018277e-05,France,FRA,grand est,,,Linux-6.1.0-37-amd64-x86_64-with-glibc2.36,3.12.6,3.0.2,128,Intel(R) Xeon(R) Gold 6430,1,1 x NVIDIA RTX 5000 Ada Generation,4.0324,49.2627,125.56350708007812,machine,N,1.0
2025-07-23T14:38:13,codecarbon,55b8cc9d-cc9d-4995-a56c-8cee1da6ab1a,5b0fa12a-3dd7-45bb-9766-cc326314d9f1,3732.610255121253,0.0131439912600537,3.5213939741015925e-06,27.0,168.20884524592884,38.0,0.0271699251206808,0.1693048643326733,0.0380759923245825,0.2345507817779366,France,FRA,grand est,,,Linux-6.1.0-37-amd64-x86_64-with-glibc2.36,3.12.6,3.0.2,128,Intel(R) Xeon(R) Gold 6430,1,1 x NVIDIA RTX 5000 Ada Generation,4.0324,49.2627,125.56350708007812,machine,N,1.0
2025-07-23T14:44:13,codecarbon,2738e5cc-1fba-434a-addb-692c67154425,5b0fa12a-3dd7-45bb-9766-cc326314d9f1,2.1144367158412933,1.937977958263379e-06,9.165457370958938e-07,27.0,9.324627219638431,38.0,1.209290962200612e-05,5.474448812492483e-06,1.7015306464292937e-05,3.458266489879154e-05,France,FRA,grand est,,,Linux-6.1.0-37-amd64-x86_64-with-glibc2.36,3.12.6,3.0.2,128,Intel(R) Xeon(R) Gold 6430,1,1 x NVIDIA RTX 5000 Ada Generation,4.0324,49.2627,125.56350708007812,machine,N,1.0
2025-07-23T15:12:20,codecarbon,e1ee76c8-1c45-4db4-aa34-4852a94951f4,5b0fa12a-3dd7-45bb-9766-cc326314d9f1,2.8027955450015725,3.7577505056119895e-06,1.3407151700071228e-06,15.0,19.693753509928,66.0,9.581372133334298e-06,1.5318623366011863e-05,4.2155992395012926e-05,6.705598789435909e-05,France,FRA,grand est,,,Linux-6.1.0-31-amd64-x86_64-with-glibc2.36,3.12.6,3.0.2,25,Intel(R) Xeon(R) Gold 6136 CPU @ 3.00GHz,1,1 x Tesla V100-PCIE-16GB,4.0324,49.2627,225.0,machine,N,1.0
2025-07-23T15:52:28,codecarbon,6670a2ce-e65e-4a9d-8a31-7a267ca8cc5a,5b0fa12a-3dd7-45bb-9766-cc326314d9f1,1.2999747429999786,3.327426710820142e-06,2.55960873758314e-06,75.0,24.15263951820587,66.0,2.696564027083307e-05,8.684173614000035e-06,2.3727168409999804e-05,5.937698229483291e-05,France,FRA,grand est,,,Linux-6.1.0-31-amd64-x86_64-with-glibc2.36,3.12.6,3.0.2,25,Intel(R) Xeon(R) Gold 6136 CPU @ 3.00GHz,1,1 x Tesla V100-PCIE-16GB,4.0324,49.2627,225.0,machine,N,1.0
2025-07-23T15:53:41,codecarbon,26fc673d-bfda-4c04-89cd-891cbdfcfe60,5b0fa12a-3dd7-45bb-9766-cc326314d9f1,6.844087591999994,1.756742879682731e-05,2.566803618551252e-06,75.0,24.12558410862652,66.0,0.0001423861329583,4.580225886399985e-05,0.0001252973733916,0.0003134857652139,France,FRA,grand est,,,Linux-6.1.0-31-amd64-x86_64-with-glibc2.36,3.12.6,3.0.2,25,Intel(R) Xeon(R) Gold 6136 CPU @ 3.00GHz,1,1 x Tesla V100-PCIE-16GB,4.0324,49.2627,225.0,machine,N,1.0
2025-07-23T15:54:36,codecarbon,74804a15-9f14-40e2-b143-c2ed68df043d,5b0fa12a-3dd7-45bb-9766-cc326314d9f1,2.531630543999995,2.7568668263448865e-07,1.08896885956709e-07,75.0,24.08886139773278,66.0,5.268619689583312e-05,1.6922235760000008e-05,4.636183508000016e-05,0.0001159702677358,Canada,CAN,quebec,,,Linux-6.1.0-31-amd64-x86_64-with-glibc2.36,3.12.6,3.0.2,25,Intel(R) Xeon(R) Gold 6136 CPU @ 3.00GHz,1,1 x Tesla V100-PCIE-16GB,-71.2,46.8,225.0,machine,N,1.0
2025-07-23T15:57:39,codecarbon,26fbd9b8-ab05-469a-9383-4ee75f37a007,5b0fa12a-3dd7-45bb-9766-cc326314d9f1,2.2698958159999734,5.826566776202432e-06,2.566887314885689e-06,75.0,24.089274445010663,66.0,4.723594370833339e-05,1.517195658199983e-05,4.156552493499968e-05,0.0001039734252253,France,FRA,grand est,,,Linux-6.1.0-31-amd64-x86_64-with-glibc2.36,3.12.6,3.0.2,25,Intel(R) Xeon(R) Gold 6136 CPU @ 3.00GHz,1,1 x Tesla V100-PCIE-16GB,4.0324,49.2627,225.0,machine,N,1.0
2025-07-23T15:58:28,codecarbon,ff6e3e5e-40ec-41f6-9e90-1612ddd659c4,5b0fa12a-3dd7-45bb-9766-cc326314d9f1,2.2284451089999493,5.720349976609042e-06,2.5669692080394754e-06,75.0,24.09990188399813,66.0,4.637214431249958e-05,1.4901123032000276e-05,4.08047493333324e-05,0.0001020780166778,France,FRA,grand est,,,Linux-6.1.0-31-amd64-x86_64-with-glibc2.36,3.12.6,3.0.2,25,Intel(R) Xeon(R) Gold 6136 CPU @ 3.00GHz,1,1 x Tesla V100-PCIE-16GB,4.0324,49.2627,225.0,machine,N,1.0
2025-07-23T16:14:37,codecarbon,18971028-96c5-4575-867e-b5df2c31727d,5b0fa12a-3dd7-45bb-9766-cc326314d9f1,0.93729776400005,2.3971994292789225e-06,2.5575644382725687e-06,75.0,24.25065865985771,66.0,1.941533866666608e-05,6.278060578001135e-06,1.7083942058334667e-05,4.277734130300188e-05,France,FRA,grand est,,,Linux-6.1.0-31-amd64-x86_64-with-glibc2.36,3.12.6,3.0.2,25,Intel(R) Xeon(R) Gold 6136 CPU @ 3.00GHz,1,1 x Tesla V100-PCIE-16GB,4.0324,49.2627,225.0,machine,N,1.0
2025-07-23T16:16:26,codecarbon,a0073757-47f5-425f-aed5-c8e1e630c0ae,5b0fa12a-3dd7-45bb-9766-cc326314d9f1,0.8683941360000063,2.2257345990369285e-06,2.563046555437487e-06,75.0,24.157401106271383,66.0,1.803713531250158e-05,5.81000464799919e-06,1.5870460265001614e-05,3.9717600225502384e-05,France,FRA,grand est,,,Linux-6.1.0-31-amd64-x86_64-with-glibc2.36,3.12.6,3.0.2,25,Intel(R) Xeon(R) Gold 6136 CPU @ 3.00GHz,1,1 x Tesla V100-PCIE-16GB,4.0324,49.2627,225.0,machine,N,1.0
2025-07-23T16:17:53,codecarbon,3b88e977-a737-45b7-bd9d-414c26f8f6a0,5b0fa12a-3dd7-45bb-9766-cc326314d9f1,2.1630208730000504,5.5524724991194e-06,2.5669990375165787e-06,75.0,24.155038556324584,66.0,4.499596835416734e-05,1.4491956037998924e-05,3.9594366496668274e-05,9.908229088883454e-05,France,FRA,grand est,,,Linux-6.1.0-31-amd64-x86_64-with-glibc2.36,3.12.6,3.0.2,25,Intel(R) Xeon(R) Gold 6136 CPU @ 3.00GHz,1,1 x Tesla V100-PCIE-16GB,4.0324,49.2627,225.0,machine,N,1.0
2025-07-23T16:21:24,codecarbon,9bfa4b21-db23-401b-a9f9-8c49770d4edc,5b0fa12a-3dd7-45bb-9766-cc326314d9f1,176.46670794600004,0.000454489752014,2.5754985589301123e-06,75.0,29.302329114030098,66.0,0.0036755239068541,0.0012002892935639,0.00323442702539,0.0081102402258081,France,FRA,grand est,,,Linux-6.1.0-31-amd64-x86_64-with-glibc2.36,3.12.6,3.0.2,25,Intel(R) Xeon(R) Gold 6136 CPU @ 3.00GHz,1,1 x Tesla V100-PCIE-16GB,4.0324,49.2627,225.0,machine,N,1.0
2025-07-23T16:22:33,codecarbon,ad82b568-7e8b-4d6c-8859-05f7e4ce7c49,5b0fa12a-3dd7-45bb-9766-cc326314d9f1,6.749774357999968,1.808560133857558e-05,2.679437915897168e-06,75.0,31.212729144232096,66.0,0.0001405537400833,5.8494769017999534e-05,0.0001236838975899,0.0003227324066913,France,FRA,grand est,,,Linux-6.1.0-31-amd64-x86_64-with-glibc2.36,3.12.6,3.0.2,25,Intel(R) Xeon(R) Gold 6136 CPU @ 3.00GHz,1,1 x Tesla V100-PCIE-16GB,4.0324,49.2627,225.0,machine,N,1.0
2025-07-23T16:42:58,codecarbon,274c4954-d511-4755-9ae0-9e78a3672652,5b0fa12a-3dd7-45bb-9766-cc326314d9f1,0.5465324799997688,1.3938480618298836e-06,2.55034808147262e-06,75.0,24.1592196791875,66.0,1.1295846312492586e-05,3.638891799995214e-06,9.93808370499437e-06,2.487282181748217e-05,France,FRA,grand est,,,Linux-6.1.0-31-amd64-x86_64-with-glibc2.36,3.12.6,3.0.2,25,Intel(R) Xeon(R) Gold 6136 CPU @ 3.00GHz,1,1 x Tesla V100-PCIE-16GB,4.0324,49.2627,225.0,machine,N,1.0
2025-07-23T16:44:16,codecarbon,d042dc9b-0e35-49d5-b5ae-078f2fcfc20d,5b0fa12a-3dd7-45bb-9766-cc326314d9f1,19.968790863999857,5.781123765218587e-05,2.895079529147113e-06,75.0,44.44600604912953,66.0,0.0004158988072291,0.000249745199796,0.0003659810692999,0.0010316250763251,France,FRA,grand est,,,Linux-6.1.0-31-amd64-x86_64-with-glibc2.36,3.12.6,3.0.2,25,Intel(R) Xeon(R) Gold 6136 CPU @ 3.00GHz,1,1 x Tesla V100-PCIE-16GB,4.0324,49.2627,225.0,machine,N,1.0
2025-07-23T16:45:38,codecarbon,36ebed81-138c-499d-8f9f-64e6137d31f1,5b0fa12a-3dd7-45bb-9766-cc326314d9f1,41.318503298,0.0001450753957708,3.51114837642048e-06,75.0,94.3195704568425,66.0,0.0008606302363125,0.000970856054462,0.0007573428419883,0.0025888291327628,France,FRA,grand est,,,Linux-6.1.0-31-amd64-x86_64-with-glibc2.36,3.12.6,3.0.2,25,Intel(R) Xeon(R) Gold 6136 CPU @ 3.00GHz,1,1 x Tesla V100-PCIE-16GB,4.0324,49.2627,225.0,machine,N,1.0
2025-07-23T18:07:45,codecarbon,9fdbfcdd-45ac-4b1b-9848-80824e3c9870,5b0fa12a-3dd7-45bb-9766-cc326314d9f1,12176.625274743885,0.0499181661092199,4.0995074565329305e-06,32.30181818181819,160.00610082609245,38.0,0.0949861611551462,0.6715731647581151,0.1242161359832735,0.8907754618965346,France,FRA,grand est,,,Linux-6.1.0-37-amd64-x86_64-with-glibc2.36,3.12.6,3.0.2,128,Intel(R) Xeon(R) Gold 6430,1,1 x NVIDIA RTX 5000 Ada Generation,4.0324,49.2627,125.56350708007812,machine,N,1.0
2025-07-24T04:45:53,codecarbon,afdb5878-b71f-490a-8f4a-0faa4f289e5a,5b0fa12a-3dd7-45bb-9766-cc326314d9f1,43186.602861121,0.1644034496581244,3.8068159745468113e-06,75.0,43.716418151727126,66.0,0.8995470457066469,1.2425911576832422,0.7915945480532834,2.933732751443181,France,FRA,grand est,,,Linux-6.1.0-31-amd64-x86_64-with-glibc2.36,3.12.6,3.0.2,25,Intel(R) Xeon(R) Gold 6136 CPU @ 3.00GHz,1,1 x Tesla V100-PCIE-16GB,4.0324,49.2627,225.0,machine,N,1.0
2025-07-31T16:39:39,codecarbon,29b4393d-d275-4f8b-8ec6-ede383486179,5b0fa12a-3dd7-45bb-9766-cc326314d9f1,3.393573915996967,6.898761739723385e-06,2.032889782421804e-06,75.0,17.627523814739757,38.0,7.068205268744047e-05,1.661279106801583e-05,3.5811595326671925e-05,0.0001231064390821,France,FRA,grand est,,,Linux-6.1.0-37-amd64-x86_64-with-glibc2.36,3.12.6,3.0.2,9,Intel(R) Xeon(R) Gold 6226R CPU @ 2.90GHz,1,1 x NVIDIA RTX A6000,4.0324,49.2627,81.0,machine,N,1.0
2025-07-31T16:42:34,codecarbon,4b6815fa-ee99-4fbc-ab92-97f2fcee3366,5b0fa12a-3dd7-45bb-9766-cc326314d9f1,0.3295793300021614,5.940902271786546e-07,1.802571257046849e-06,75.0,21.089947274953552,20.0,6.849199312531104e-06,1.926112652150813e-06,1.8260589944475213e-06,1.0601370959129438e-05,France,FRA,grand est,,,Linux-6.1.0-37-amd64-x86_64-with-glibc2.36,3.12.6,3.0.2,5,Intel(R) Xeon(R) Gold 6226R CPU @ 2.90GHz,1,1 x NVIDIA RTX A6000,4.0324,49.2627,40.0,machine,N,1.0
2025-07-31T16:44:02,codecarbon,5cd0504f-71a9-4367-a8ed-96c98cb35499,5b0fa12a-3dd7-45bb-9766-cc326314d9f1,0.3367958929993619,6.052739352301059e-07,1.7971535514871986e-06,75.0,20.75354186117059,20.0,6.998340562480128e-06,1.9366682160182336e-06,1.8659322666685008e-06,1.0800941045166862e-05,France,FRA,grand est,,,Linux-6.1.0-37-amd64-x86_64-with-glibc2.36,3.12.6,3.0.2,5,Intel(R) Xeon(R) Gold 6226R CPU @ 2.90GHz,1,1 x NVIDIA RTX A6000,4.0324,49.2627,40.0,machine,N,1.0
2025-07-31T16:45:23,codecarbon,817289c1-92f9-4892-9b56-1990391f6eab,5b0fa12a-3dd7-45bb-9766-cc326314d9f1,4.905948392002756,9.373838567543471e-06,1.910708759762715e-06,75.0,27.77194522046196,20.0,0.0001021856475625,3.7839196938005415e-05,2.72486358888879e-05,0.0001672734803894,France,FRA,grand est,,,Linux-6.1.0-37-amd64-x86_64-with-glibc2.36,3.12.6,3.0.2,5,Intel(R) Xeon(R) Gold 6226R CPU @ 2.90GHz,1,1 x NVIDIA RTX A6000,4.0324,49.2627,40.0,machine,N,1.0
2025-07-31T16:47:10,codecarbon,430fe4f8-8b7e-4dbe-9c65-7c47dd72a42e,5b0fa12a-3dd7-45bb-9766-cc326314d9f1,1.5847009640019678,2.9953497282809213e-06,1.8901671648615227e-06,75.0,26.758154364208742,20.0,3.2924749645871995e-05,1.1746953841984542e-05,8.779459600009433e-06,5.3451163087865966e-05,France,FRA,grand est,,,Linux-6.1.0-37-amd64-x86_64-with-glibc2.36,3.12.6,3.0.2,5,Intel(R) Xeon(R) Gold 6226R CPU @ 2.90GHz,1,1 x NVIDIA RTX A6000,4.0324,49.2627,40.0,machine,N,1.0
2025-07-31T16:52:08,codecarbon,02614686-4bcf-4196-9744-52c58274ff79,5b0fa12a-3dd7-45bb-9766-cc326314d9f1,175.71623029400143,0.0008238285684372,4.688403382310729e-06,75.0,232.15569635160568,20.0,0.0036604634690417,0.010064407218186,0.0009761155623,0.0147009862495277,France,FRA,grand est,,,Linux-6.1.0-37-amd64-x86_64-with-glibc2.36,3.12.6,3.0.2,5,Intel(R) Xeon(R) Gold 6226R CPU @ 2.90GHz,1,1 x NVIDIA RTX A6000,4.0324,49.2627,40.0,machine,N,1.0
2025-07-31T16:52:52,codecarbon,d0dfd33a-c258-422d-a2ac-d3624e83df30,5b0fa12a-3dd7-45bb-9766-cc326314d9f1,0.6167519260015979,1.156538809222108e-06,1.87520907590828e-06,75.0,25.6329513996628,20.0,1.283133175002149e-05,4.385559064012945e-06,3.421214955556529e-06,2.0638105769590963e-05,France,FRA,grand est,,,Linux-6.1.0-37-amd64-x86_64-with-glibc2.36,3.12.6,3.0.2,5,Intel(R) Xeon(R) Gold 6226R CPU @ 2.90GHz,1,1 x NVIDIA RTX A6000,4.0324,49.2627,40.0,machine,N,1.0
2025-07-31T16:57:10,codecarbon,600d5154-b9a6-435e-acee-fc0b5aa55a2c,5b0fa12a-3dd7-45bb-9766-cc326314d9f1,1.4937367509992328,2.838765142327328e-06,1.9004454034007937e-06,75.0,27.243383532277743,20.0,3.107966164581436e-05,1.1289731253971702e-05,8.287562833316366e-06,5.065695573310243e-05,France,FRA,grand est,,,Linux-6.1.0-37-amd64-x86_64-with-glibc2.36,3.12.6,3.0.2,5,Intel(R) Xeon(R) Gold 6226R CPU @ 2.90GHz,1,1 x NVIDIA RTX A6000,4.0324,49.2627,40.0,machine,N,1.0
2025-08-01T04:03:24,codecarbon,19a4fbc5-badd-4334-a2c5-095eb2216540,5b0fa12a-3dd7-45bb-9766-cc326314d9f1,1.774975471009384,1.2226146357071533e-06,6.888064965832362e-07,15.0,19.15458399183202,20.0,5.305072495866625e-06,9.439174218028867e-06,7.072963366711823e-06,2.181721008060732e-05,France,FRA,grand est,,,Linux-6.1.0-37-amd64-x86_64-with-glibc2.36,3.12.6,3.0.2,5,Intel(R) Xeon(R) Gold 6226R CPU @ 2.90GHz,1,1 x NVIDIA RTX A6000,4.0324,49.2627,40.0,machine,N,1.0
2025-08-01T15:57:28,codecarbon,0541cc9b-09d5-46a9-9e77-6db40de47ad2,5b0fa12a-3dd7-45bb-9766-cc326314d9f1,2.402555975000724,1.8277052416557072e-06,7.607336772476891e-07,15.0,21.186286861153366,20.0,7.920534737543977e-06,1.4134177973801345e-05,1.0560166955595682e-05,3.2614879666941004e-05,France,FRA,grand est,,,Linux-6.1.0-37-amd64-x86_64-with-glibc2.36,3.12.6,3.0.2,5,Intel(R) Xeon(R) Gold 6226R CPU @ 2.90GHz,1,1 x NVIDIA RTX A6000,4.0324,49.2627,40.0,machine,N,1.0
2025-08-01T15:59:09,codecarbon,80c02bf7-e4f4-4212-8291-85a2d61bdfa8,5b0fa12a-3dd7-45bb-9766-cc326314d9f1,1.6096363389951875,1.0804250628114414e-06,6.712230810382267e-07,15.0,19.0421226847587,20.0,4.616168350003135e-06,8.509173474280374e-06,6.154535811138986e-06,1.9279877635422496e-05,France,FRA,grand est,,,Linux-6.1.0-37-amd64-x86_64-with-glibc2.36,3.12.6,3.0.2,5,Intel(R) Xeon(R) Gold 6226R CPU @ 2.90GHz,1,1 x NVIDIA RTX A6000,4.0324,49.2627,40.0,machine,N,1.0
2025-08-01T16:00:18,codecarbon,fa554b87-ee50-4420-842b-01c40b916a36,5b0fa12a-3dd7-45bb-9766-cc326314d9f1,1.604090233988245,1.0701307231278235e-06,6.671262628830802e-07,15.0,18.809517895180925,20.0,4.594086462445072e-06,8.376951145638856e-06,6.125140466610901e-06,1.909617807469483e-05,France,FRA,grand est,,,Linux-6.1.0-37-amd64-x86_64-with-glibc2.36,3.12.6,3.0.2,5,Intel(R) Xeon(R) Gold 6226R CPU @ 2.90GHz,1,1 x NVIDIA RTX A6000,4.0324,49.2627,40.0,machine,N,1.0
2025-08-01T16:06:07,codecarbon,99c0608c-5fd5-4e66-8063-e91b5a1008fe,5b0fa12a-3dd7-45bb-9766-cc326314d9f1,293.82784333500604,0.001279002834152,4.352898689365499e-06,15.0,211.84060053541003,20.0,0.0011824636179623,0.0200643713292616,0.0015766064802111,0.0228234414274351,France,FRA,grand est,,,Linux-6.1.0-37-amd64-x86_64-with-glibc2.36,3.12.6,3.0.2,5,Intel(R) Xeon(R) Gold 6226R CPU @ 2.90GHz,1,1 x NVIDIA RTX A6000,4.0324,49.2627,40.0,machine,N,1.0
2025-08-01T16:18:35,codecarbon,a7232fc6-ede0-4090-bcc9-0d8ab67edb1c,5b0fa12a-3dd7-45bb-9766-cc326314d9f1,652.4030878589983,0.0031644996129542,4.850528257521361e-06,15.0,224.74459975293144,20.0,0.0026309531696842,0.050336973880658,0.0035016675704443,0.0564695946207866,France,FRA,grand est,,,Linux-6.1.0-37-amd64-x86_64-with-glibc2.36,3.12.6,3.0.2,5,Intel(R) Xeon(R) Gold 6226R CPU @ 2.90GHz,1,1 x NVIDIA RTX A6000,4.0324,49.2627,40.0,machine,N,1.0
2025-08-01T16:22:21,codecarbon,2b56dd44-f66d-4f3a-b832-232b00a8395a,5b0fa12a-3dd7-45bb-9766-cc326314d9f1,64.41889215097763,9.109890546961093e-05,1.4141644233201608e-06,20.5,72.37644559286599,20.0,0.0003525483268847,0.0009291390766463,0.000343946627583,0.0016256340311142,France,FRA,grand est,,,Linux-6.1.0-37-amd64-x86_64-with-glibc2.36,3.12.6,3.0.2,5,Intel(R) Xeon(R) Gold 6246R CPU @ 3.40GHz,1,1 x NVIDIA RTX A6000,4.0324,49.2627,40.0,machine,N,1.0
2025-08-01T20:19:02,codecarbon,ae8039cf-da5c-47a9-837e-c3c0aeaff35f,5b0fa12a-3dd7-45bb-9766-cc326314d9f1,14197.609614945992,0.0623358644604298,4.390588708313836e-06,15.0,236.20358285037472,20.0,0.0571893195015876,0.97894253593118,0.0762338980680057,1.112365753500773,France,FRA,grand est,,,Linux-6.1.0-37-amd64-x86_64-with-glibc2.36,3.12.6,3.0.2,5,Intel(R) Xeon(R) Gold 6226R CPU @ 2.90GHz,1,1 x NVIDIA RTX A6000,4.0324,49.2627,40.0,machine,N,1.0
2025-08-04T11:00:25,codecarbon,e3fdd75c-969a-42b7-8aaf-d0dc0799c3bb,5b0fa12a-3dd7-45bb-9766-cc326314d9f1,5.66437751999996,6.683994934348923e-06,1.1800052010567563e-06,20.5,38.96643035921916,20.0,2.937050049277776e-05,6.124977122200052e-05,2.865371487222224e-05,0.000119273986587,France,FRA,grand est,,,Linux-6.1.0-37-amd64-x86_64-with-glibc2.36,3.12.6,3.0.2,5,Intel(R) Xeon(R) Gold 6354 CPU @ 3.00GHz,1,1 x NVIDIA A100 80GB PCIe,4.0324,49.2627,40.0,machine,N,1.0
2025-08-04T13:05:51,codecarbon,3e394cd0-1de2-431c-b1c2-47150ebd7624,5b0fa12a-3dd7-45bb-9766-cc326314d9f1,8.26024788299992,5.925660177040573e-06,7.173707449186766e-07,15.0,13.213563438914024,20.0,3.2326216804167035e-05,3.031446869599958e-05,4.310103324999975e-05,0.0001057417187501,France,FRA,grand est,,,Linux-6.1.0-37-amd64-x86_64-with-glibc2.36,3.12.6,3.0.2,5,Intel(R) Xeon(R) Gold 6226R CPU @ 2.90GHz,1,1 x NVIDIA RTX A6000,4.0324,49.2627,40.0,machine,N,1.0
2025-08-04T13:07:41,codecarbon,2b17303c-80a4-4a1f-9207-962320d089d8,5b0fa12a-3dd7-45bb-9766-cc326314d9f1,1.6705017340000268,8.879078282686674e-07,5.315216441844491e-07,15.0,9.669922682353535,20.0,4.868829704166917e-06,4.484170254000046e-06,6.491462438889862e-06,1.5844462397056824e-05,France,FRA,grand est,,,Linux-6.1.0-37-amd64-x86_64-with-glibc2.36,3.12.6,3.0.2,5,Intel(R) Xeon(R) Gold 6226R CPU @ 2.90GHz,1,1 x NVIDIA RTX A6000,4.0324,49.2627,40.0,machine,N,1.0
2025-08-04T13:18:41,codecarbon,35fb1664-199c-4efb-a486-11ddc379c0c3,5b0fa12a-3dd7-45bb-9766-cc326314d9f1,1.6808663210001669,9.015058087588108e-07,5.363340305506195e-07,15.0,9.919718547028728,20.0,4.911185979167006e-06,4.62833703599938e-06,6.547591472222949e-06,1.6087114487389333e-05,France,FRA,grand est,,,Linux-6.1.0-37-amd64-x86_64-with-glibc2.36,3.12.6,3.0.2,5,Intel(R) Xeon(R) Gold 6226R CPU @ 2.90GHz,1,1 x NVIDIA RTX A6000,4.0324,49.2627,40.0,machine,N,1.0
2025-08-04T13:24:19,codecarbon,86f4c8e1-066b-4f36-943f-b0170ada510a,5b0fa12a-3dd7-45bb-9766-cc326314d9f1,1.5944258189997529,8.28346587933909e-07,5.195265769426414e-07,15.0,9.394906981448608,20.0,4.55299744999896e-06,4.158336660000858e-06,6.070274911108856e-06,1.4781609021108671e-05,France,FRA,grand est,,,Linux-6.1.0-37-amd64-x86_64-with-glibc2.36,3.12.6,3.0.2,5,Intel(R) Xeon(R) Gold 6226R CPU @ 2.90GHz,1,1 x NVIDIA RTX A6000,4.0324,49.2627,40.0,machine,N,1.0
2025-08-04T13:29:13,codecarbon,3b1414fa-8bdc-4c84-b253-1cb29d348f5c,5b0fa12a-3dd7-45bb-9766-cc326314d9f1,1.607756552999945,8.214370006534798e-07,5.109212580230162e-07,15.0,8.754296329780887,20.0,4.607862666667491e-06,3.906947569999597e-06,6.143499166667728e-06,1.4658309403334815e-05,France,FRA,grand est,,,Linux-6.1.0-37-amd64-x86_64-with-glibc2.36,3.12.6,3.0.2,5,Intel(R) Xeon(R) Gold 6226R CPU @ 2.90GHz,1,1 x NVIDIA RTX A6000,4.0324,49.2627,40.0,machine,N,1.0
2025-08-04T13:37:48,codecarbon,1aec19aa-283f-4915-b0bb-6676cacfa1d0,5b0fa12a-3dd7-45bb-9766-cc326314d9f1,1.350248789000034,6.270783618725173e-07,4.6441690374476723e-07,15.0,7.9198613640376285,20.0,3.525754520832909e-06,2.9636134819995e-06,4.700666827776937e-06,1.1190034830609349e-05,France,FRA,grand est,,,Linux-6.1.0-37-amd64-x86_64-with-glibc2.36,3.12.6,3.0.2,5,Intel(R) Xeon(R) Gold 6226R CPU @ 2.90GHz,1,1 x NVIDIA RTX A6000,4.0324,49.2627,40.0,machine,N,1.0
2025-08-04T13:39:01,codecarbon,0d999fcc-7c99-46c5-832d-57a44ac6166e,5b0fa12a-3dd7-45bb-9766-cc326314d9f1,2.650964955999825,1.628412440315566e-06,6.142715831192124e-07,15.0,11.090142254520115,20.0,8.955254470832111e-06,8.163339864000058e-06,1.1939962033332248e-05,2.905855636816441e-05,France,FRA,grand est,,,Linux-6.1.0-37-amd64-x86_64-with-glibc2.36,3.12.6,3.0.2,5,Intel(R) Xeon(R) Gold 6226R CPU @ 2.90GHz,1,1 x NVIDIA RTX A6000,4.0324,49.2627,40.0,machine,N,1.0
2025-08-04T13:42:57,codecarbon,5965d34a-90fc-4fef-ab58-6a25c03b8aac,5b0fa12a-3dd7-45bb-9766-cc326314d9f1,2.347721662999902,1.4001477728202707e-06,5.963857619438464e-07,15.0,10.799997092785052,20.0,7.69104829583398e-06,7.039727853999644e-06,1.0254462216665969e-05,2.4985238366499592e-05,France,FRA,grand est,,,Linux-6.1.0-37-amd64-x86_64-with-glibc2.36,3.12.6,3.0.2,5,Intel(R) Xeon(R) Gold 6226R CPU @ 2.90GHz,1,1 x NVIDIA RTX A6000,4.0324,49.2627,40.0,machine,N,1.0
2025-08-04T13:48:23,codecarbon,c7e695f7-32ec-44b2-9083-96c77c8bc19d,5b0fa12a-3dd7-45bb-9766-cc326314d9f1,1.8687390330001108,1.0296653161182105e-06,5.509947070914258e-07,15.0,9.799622562612493,20.0,5.695842445834387e-06,5.084170733998805e-06,7.594071227779549e-06,1.837408440761274e-05,France,FRA,grand est,,,Linux-6.1.0-37-amd64-x86_64-with-glibc2.36,3.12.6,3.0.2,5,Intel(R) Xeon(R) Gold 6226R CPU @ 2.90GHz,1,1 x NVIDIA RTX A6000,4.0324,49.2627,40.0,machine,N,1.0
2025-08-04T13:52:43,codecarbon,8c2fef96-d1bd-47cc-b510-d43238fdaf64,5b0fa12a-3dd7-45bb-9766-cc326314d9f1,1.9035651809999763,1.066993066580789e-06,5.605235256616108e-07,15.0,10.241818770876758,20.0,5.840599995834358e-06,5.4125043299976805e-06,7.787083161110787e-06,1.9040187486942825e-05,France,FRA,grand est,,,Linux-6.1.0-37-amd64-x86_64-with-glibc2.36,3.12.6,3.0.2,5,Intel(R) Xeon(R) Gold 6226R CPU @ 2.90GHz,1,1 x NVIDIA RTX A6000,4.0324,49.2627,40.0,machine,N,1.0
2025-08-04T13:54:46,codecarbon,19e6e195-9316-4eca-aad4-8d5fbc1e5094,5b0fa12a-3dd7-45bb-9766-cc326314d9f1,2.1481055519998336,1.2613162805658994e-06,5.87176118692885e-07,15.0,10.90228904218042,20.0,6.8596602124974496e-06,6.50222742399828e-06,9.14594227777646e-06,2.2507829914272192e-05,France,FRA,grand est,,,Linux-6.1.0-37-amd64-x86_64-with-glibc2.36,3.12.6,3.0.2,5,Intel(R) Xeon(R) Gold 6226R CPU @ 2.90GHz,1,1 x NVIDIA RTX A6000,4.0324,49.2627,40.0,machine,N,1.0
2025-08-04T13:58:01,codecarbon,dbf8ee47-d58e-430e-9852-6826c2643cb3,5b0fa12a-3dd7-45bb-9766-cc326314d9f1,44.11985582499983,6.649921163450498e-05,1.5072400031920375e-06,15.0,69.03521599032585,20.0,0.0001775563282416,0.0007723636734459,0.0002367394967777,0.0011866594984654,France,FRA,grand est,,,Linux-6.1.0-37-amd64-x86_64-with-glibc2.36,3.12.6,3.0.2,5,Intel(R) Xeon(R) Gold 6226R CPU @ 2.90GHz,1,1 x NVIDIA RTX A6000,4.0324,49.2627,40.0,machine,N,1.0
2025-08-04T14:02:00,codecarbon,e222a30f-0d5f-48e7-95ff-af3acfec533a,5b0fa12a-3dd7-45bb-9766-cc326314d9f1,10.283189961000062,1.51797921707231e-05,1.4761754113552164e-06,15.0,61.5466716752005,20.0,4.075371445833298e-05,0.000175788196186,5.433715876666712e-05,0.000270879069411,France,FRA,grand est,,,Linux-6.1.0-37-amd64-x86_64-with-glibc2.36,3.12.6,3.0.2,5,Intel(R) Xeon(R) Gold 6226R CPU @ 2.90GHz,1,1 x NVIDIA RTX A6000,4.0324,49.2627,40.0,machine,N,1.0
2025-08-04T14:05:22,codecarbon,6e546519-5f0f-4a48-8816-6dd7d5a78472,5b0fa12a-3dd7-45bb-9766-cc326314d9f1,16.58910442100023,2.6325644848584777e-05,1.5869238133951954e-06,15.0,71.57639283666062,20.0,6.493782408750424e-05,0.0003182535879359,8.658222506111188e-05,0.0004697736370846,France,FRA,grand est,,,Linux-6.1.0-37-amd64-x86_64-with-glibc2.36,3.12.6,3.0.2,5,Intel(R) Xeon(R) Gold 6226R CPU @ 2.90GHz,1,1 x NVIDIA RTX A6000,4.0324,49.2627,40.0,machine,N,1.0
2025-08-04T14:08:47,codecarbon,24298a43-c34e-4f27-88b3-e25aa40446e1,5b0fa12a-3dd7-45bb-9766-cc326314d9f1,8.737855121999928,1.319718221130456e-05,1.5103457343984867e-06,15.0,64.04296467171854,20.0,3.431697870000031e-05,0.0001554279021199,4.5755078338884734e-05,0.0002354999591588,France,FRA,grand est,,,Linux-6.1.0-37-amd64-x86_64-with-glibc2.36,3.12.6,3.0.2,5,Intel(R) Xeon(R) Gold 6226R CPU @ 2.90GHz,1,1 x NVIDIA RTX A6000,4.0324,49.2627,40.0,machine,N,1.0
2025-08-04T14:10:00,codecarbon,eb2353d1-6612-4ade-a194-d927c6c0f840,5b0fa12a-3dd7-45bb-9766-cc326314d9f1,7.845548975999918,1.1909492121551022e-05,1.517993470945499e-06,15.0,64.76558580679763,20.0,3.059825303749904e-05,0.0001411278906799,4.079535241110838e-05,0.0002125214961286,France,FRA,grand est,,,Linux-6.1.0-37-amd64-x86_64-with-glibc2.36,3.12.6,3.0.2,5,Intel(R) Xeon(R) Gold 6226R CPU @ 2.90GHz,1,1 x NVIDIA RTX A6000,4.0324,49.2627,40.0,machine,N,1.0
2025-08-04T14:27:12,codecarbon,0b0cf62b-b996-444f-8a9a-40e148aa8cd1,5b0fa12a-3dd7-45bb-9766-cc326314d9f1,191.4317241660001,0.0003432480614062,1.7930573571422143e-06,15.0,76.60462290238623,20.0,0.0007704635322416,0.004327422073046,0.0010272783235166,0.0061251639288043,France,FRA,grand est,,,Linux-6.1.0-37-amd64-x86_64-with-glibc2.36,3.12.6,3.0.2,5,Intel(R) Xeon(R) Gold 6226R CPU @ 2.90GHz,1,1 x NVIDIA RTX A6000,4.0324,49.2627,40.0,machine,N,1.0
2025-08-04T14:35:11,codecarbon,d6ba91ee-563f-4c3c-874c-46a79a0d6f99,5b0fa12a-3dd7-45bb-9766-cc326314d9f1,220.15251464,0.0005440065438248,2.4710439701968413e-06,15.0,87.03175398947843,38.0,0.0008859440258833,0.006577323595188,0.0022443742680566,0.0097076418891279,France,FRA,grand est,,,Linux-6.1.0-37-amd64-x86_64-with-glibc2.36,3.12.6,3.0.2,9,Intel(R) Xeon(R) Gold 6226R CPU @ 2.90GHz,1,1 x NVIDIA RTX A6000,4.0324,49.2627,72.0,machine,N,1.0
2025-08-04T14:37:19,codecarbon,b85c7fea-7ce7-46d9-957b-567e636a13b7,5b0fa12a-3dd7-45bb-9766-cc326314d9f1,115.87237005499992,0.0003329726663645,2.873615739511576e-06,15.0,95.83687879507272,38.0,0.0004670372038136,0.004294123157518,0.0011806420684861,0.0059418024298177,France,FRA,grand est,,,Linux-6.1.0-37-amd64-x86_64-with-glibc2.36,3.12.6,3.0.2,9,Intel(R) Xeon(R) Gold 6226R CPU @ 2.90GHz,1,1 x NVIDIA RTX A6000,4.0324,49.2627,72.0,machine,N,1.0
2025-08-04T14:40:15,codecarbon,e333c9d4-757d-454b-94ef-71f2d7da4f0e,5b0fa12a-3dd7-45bb-9766-cc326314d9f1,152.25592621099997,0.0004603216112832,3.0233411778356773e-06,15.0,84.70556694548559,42.0,0.0006119838127145,0.0058904736012639,0.001711850680085,0.0082143080940635,France,FRA,grand est,,,Linux-6.1.0-37-amd64-x86_64-with-glibc2.36,3.12.6,3.0.2,9,Intel(R) Xeon(R) Gold 6226R CPU @ 2.90GHz,1,1 x NVIDIA RTX A6000,4.0324,49.2627,144.0,machine,N,1.0
2025-08-04T14:49:46,codecarbon,b7e91853-2186-4349-abcd-de4167cc2e4d,5b0fa12a-3dd7-45bb-9766-cc326314d9f1,555.1917356160002,0.0011243200304307,2.025102245413151e-06,15.0,81.50810330644725,20.0,0.0022405235122447,0.014841444928702,0.0029812023942,0.0200631708351467,France,FRA,grand est,,,Linux-6.1.0-37-amd64-x86_64-with-glibc2.36,3.12.6,3.0.2,5,Intel(R) Xeon(R) Gold 6226R CPU @ 2.90GHz,1,1 x NVIDIA RTX A6000,4.0324,49.2627,40.0,machine,N,1.0
2025-08-04T14:50:03,codecarbon,b2d9c33b-2a7e-45d1-b1cb-c0589acfa2c8,5b0fa12a-3dd7-45bb-9766-cc326314d9f1,1.9532165440000424,1.424210459626372e-06,7.291615791404749e-07,15.0,20.846028311680843,20.0,6.047413979166549e-06,1.1304453487997327e-05,8.062762694444498e-06,2.541463016160837e-05,France,FRA,grand est,,,Linux-6.1.0-37-amd64-x86_64-with-glibc2.36,3.12.6,3.0.2,5,Intel(R) Xeon(R) Gold 6226R CPU @ 2.90GHz,1,1 x NVIDIA RTX A6000,4.0324,49.2627,40.0,machine,N,1.0
2025-08-04T14:59:42,codecarbon,eac766bb-1b5e-4482-a3ad-b6e5a3dd3fb7,5b0fa12a-3dd7-45bb-9766-cc326314d9f1,499.3738686410006,0.001075148701885,2.1529935172837976e-06,15.0,77.9615477306091,20.0,0.0020096257209666,0.0144966118750579,0.0026794848809111,0.0191857224769357,France,FRA,grand est,,,Linux-6.1.0-37-amd64-x86_64-with-glibc2.36,3.12.6,3.0.2,5,Intel(R) Xeon(R) Gold 6226R CPU @ 2.90GHz,1,1 x NVIDIA RTX A6000,4.0324,49.2627,40.0,machine,N,1.0
2025-08-04T15:02:11,codecarbon,dc1f38d8-da09-450a-9f1b-51b4f400aea4,5b0fa12a-3dd7-45bb-9766-cc326314d9f1,135.32558769600018,0.0004294577371996,3.1735146657144366e-06,15.0,91.9845018510836,42.0,0.0006041194210723,0.005533392760044,0.001526038867255,0.0076635510483713,France,FRA,grand est,,,Linux-6.1.0-37-amd64-x86_64-with-glibc2.36,3.12.6,3.0.2,17,Intel(R) Xeon(R) Gold 6226R CPU @ 2.90GHz,1,1 x NVIDIA RTX A6000,4.0324,49.2627,136.0,machine,N,1.0
2025-08-04T15:58:30,codecarbon,6ea03a77-af86-40dc-a415-7f9334355fe1,5b0fa12a-3dd7-45bb-9766-cc326314d9f1,3333.545223615,0.0091587225946998,2.7474421315238257e-06,15.0,87.34877467473977,42.0,0.0162344388869542,0.1096149610252319,0.037585397188045,0.1634347971002313,France,FRA,grand est,,,Linux-6.1.0-37-amd64-x86_64-with-glibc2.36,3.12.6,3.0.2,33,Intel(R) Xeon(R) Gold 6226R CPU @ 2.90GHz,1,1 x NVIDIA RTX A6000,4.0324,49.2627,264.0,machine,N,1.0
2025-08-04T16:08:53,codecarbon,31d01d87-934a-4c5e-a516-94675ce0f623,5b0fa12a-3dd7-45bb-9766-cc326314d9f1,591.1253464709998,0.001793603214444,3.0342180810750725e-06,16.425,122.96996723649583,42.0,0.0025769815840279,0.0227671771026159,0.0066621800139766,0.0320063387006205,France,FRA,grand est,,,Linux-6.1.0-37-amd64-x86_64-with-glibc2.36,3.12.6,3.0.2,9,Intel(R) Xeon(R) Gold 6226R CPU @ 2.90GHz,1,1 x NVIDIA RTX A6000,4.0324,49.2627,144.0,machine,N,1.0
2025-08-04T16:14:54,codecarbon,a6413190-12bf-4912-8016-ab9d7eaaafea,5b0fa12a-3dd7-45bb-9766-cc326314d9f1,316.1768614850007,0.0011929988669683,3.773201053882101e-06,0.0,80.73486109178097,42.0,0.0012983000853197,0.0162556246711559,0.0037348003629649,0.0212887251194407,France,FRA,grand est,,,Linux-6.1.0-37-amd64-x86_64-with-glibc2.36,3.12.6,3.0.2,9,Intel(R) Xeon(R) Gold 6226R CPU @ 2.90GHz,1,1 x NVIDIA RTX A6000,4.0324,49.2627,144.0,machine,N,1.0
2025-08-04T16:21:52,codecarbon,49909e58-451f-47eb-95a5-f873f131e6ab,5b0fa12a-3dd7-45bb-9766-cc326314d9f1,372.12439273200016,0.0015334857667068,4.120895583996883e-06,15.0,170.18051484156211,42.0,0.0014982582129881,0.021671376503754,0.0041949821876783,0.0273646169044205,France,FRA,grand est,,,Linux-6.1.0-37-amd64-x86_64-with-glibc2.36,3.12.6,3.0.2,9,Intel(R) Xeon(R) Gold 6226R CPU @ 2.90GHz,1,1 x NVIDIA RTX A6000,4.0324,49.2627,144.0,machine,N,1.0
2025-08-04T16:28:54,codecarbon,55dcdf87-335d-4aa5-a21a-b6c7ff0ce0d4,5b0fa12a-3dd7-45bb-9766-cc326314d9f1,377.10356815499927,0.0016194861552208,4.29453946337417e-06,15.0,120.064444841012,42.0,0.0015169415241619,0.0231350337857899,0.0042472940421216,0.0288992693520736,France,FRA,grand est,,,Linux-6.1.0-37-amd64-x86_64-with-glibc2.36,3.12.6,3.0.2,9,Intel(R) Xeon(R) Gold 6226R CPU @ 2.90GHz,1,1 x NVIDIA RTX A6000,4.0324,49.2627,144.0,machine,N,1.0
2025-08-04T17:08:19,codecarbon,bbaf3153-9299-4c18-962b-febefd0369c1,5b0fa12a-3dd7-45bb-9766-cc326314d9f1,2344.198111552,0.0063722754824656,2.718317812416828e-06,15.0,83.3255993810408,42.0,0.0094397921044845,0.0778417778289279,0.0264298717851352,0.1137114417185476,France,FRA,grand est,,,Linux-6.1.0-37-amd64-x86_64-with-glibc2.36,3.12.6,3.0.2,9,Intel(R) Xeon(R) Gold 6226R CPU @ 2.90GHz,1,1 x NVIDIA RTX A6000,4.0324,49.2627,144.0,machine,N,1.0
2025-08-04T17:23:43,codecarbon,02eb00a6-9d30-4a59-8469-a92aec46b285,5b0fa12a-3dd7-45bb-9766-cc326314d9f1,884.435774567999,0.0033507610640976,3.788586079904284e-06,15.0,79.83003558011843,42.0,0.0035617388318582,0.0462588408959319,0.0099727974576998,0.0597933771854901,France,FRA,grand est,,,Linux-6.1.0-37-amd64-x86_64-with-glibc2.36,3.12.6,3.0.2,9,Intel(R) Xeon(R) Gold 6226R CPU @ 2.90GHz,1,1 x NVIDIA RTX A6000,4.0324,49.2627,144.0,machine,N,1.0
2025-08-04T17:38:21,codecarbon,9a6c6779-71ca-47b7-b022-6d6248c2e2ca,5b0fa12a-3dd7-45bb-9766-cc326314d9f1,840.6404687859995,0.0033236431315208,3.953703461743514e-06,15.0,88.28530828201173,42.0,0.0033859782429389,0.0464439779884859,0.0094795091680449,0.0593094653994699,France,FRA,grand est,,,Linux-6.1.0-37-amd64-x86_64-with-glibc2.36,3.12.6,3.0.2,9,Intel(R) Xeon(R) Gold 6226R CPU @ 2.90GHz,1,1 x NVIDIA RTX A6000,4.0324,49.2627,576.0,machine,N,1.0
2025-08-04T17:39:48,codecarbon,872f9897-5b1d-41a1-9ad9-90606bf5f397,5b0fa12a-3dd7-45bb-9766-cc326314d9f1,55.98135171299873,0.0001927454416712,3.4430294334330835e-06,15.0,183.98637326878628,42.0,0.0002248795101208,0.0025849531790719,0.0006296548404066,0.0034394875295994,France,FRA,grand est,,,Linux-6.1.0-37-amd64-x86_64-with-glibc2.36,3.12.6,3.0.2,9,Intel(R) Xeon(R) Gold 6226R CPU @ 2.90GHz,1,1 x NVIDIA RTX A6000,4.0324,49.2627,288.0,machine,N,1.0
2025-08-04T18:10:38,codecarbon,77e64697-225a-4864-a9ae-07c323df4b20,5b0fa12a-3dd7-45bb-9766-cc326314d9f1,730.3165993179991,0.0032829488785395,4.495240669054093e-06,15.0,89.34576990839004,42.0,0.0031312752460302,0.047218864997284,0.0082331477978633,0.0585832880411776,France,FRA,grand est,,,Linux-6.1.0-37-amd64-x86_64-with-glibc2.36,3.12.6,3.0.2,9,Intel(R) Xeon(R) Gold 6226R CPU @ 2.90GHz,1,1 x NVIDIA RTX A6000,4.0324,49.2627,288.0,machine,N,1.0
2025-08-05T14:32:35,codecarbon,43d96770-3065-472a-a018-ef549c663178,5b0fa12a-3dd7-45bb-9766-cc326314d9f1,12.75097436299984,2.58417277484356e-05,2.0266472986897275e-06,75.0,13.205189712016592,42.0,0.0002656233219583,4.676837074799913e-05,0.0001487465815033,0.0004611382742096,France,FRA,grand est,,,Linux-6.1.0-37-amd64-x86_64-with-glibc2.36,3.12.6,3.0.2,9,Intel(R) Xeon(R) Gold 6226R CPU @ 2.90GHz,1,1 x NVIDIA RTX A6000,4.0324,49.2627,288.0,machine,N,1.0
2025-08-05T14:35:39,codecarbon,aa9d1398-78f1-42fd-b282-9b010f10ef97,5b0fa12a-3dd7-45bb-9766-cc326314d9f1,3.1271238690001155,7.09559686120161e-06,2.2690488635713675e-06,75.0,28.803949441674305,42.0,6.5132058562502e-05,2.5014464455999988e-05,3.647238276499896e-05,0.0001266189057835,France,FRA,grand est,,,Linux-6.1.0-37-amd64-x86_64-with-glibc2.36,3.12.6,3.0.2,9,Intel(R) Xeon(R) Gold 6226R CPU @ 2.90GHz,1,1 x NVIDIA RTX A6000,4.0324,49.2627,288.0,machine,N,1.0
2025-08-05T14:57:30,codecarbon,12e19ed2-0c42-48eb-b984-7a701e3e5a2b,5b0fa12a-3dd7-45bb-9766-cc326314d9f1,1269.9920629240005,0.0038938136328764,3.066014148081669e-06,75.0,81.95467452680096,42.0,0.0264565927481458,0.028211817291658,0.0148155856217249,0.0694839956615287,France,FRA,grand est,,,Linux-6.1.0-37-amd64-x86_64-with-glibc2.36,3.12.6,3.0.2,9,Intel(R) Xeon(R) Gold 6226R CPU @ 2.90GHz,1,1 x NVIDIA RTX A6000,4.0324,49.2627,288.0,machine,N,1.0
2025-08-05T15:07:23,codecarbon,036e6f80-c0f9-4933-906e-9517e9e8e205,5b0fa12a-3dd7-45bb-9766-cc326314d9f1,287.5857748569997,0.0012664480776117,4.403722952713957e-06,75.0,84.44709651884929,42.0,0.0059909618177708,0.013253530880594,0.0033549126731049,0.0225994053714698,France,FRA,grand est,,,Linux-6.1.0-37-amd64-x86_64-with-glibc2.36,3.12.6,3.0.2,9,Intel(R) Xeon(R) Gold 6226R CPU @ 2.90GHz,1,1 x NVIDIA RTX A6000,4.0324,49.2627,288.0,machine,N,1.0
2025-08-05T15:11:16,codecarbon,3e19b72a-9138-4e6f-a7b5-3421f9c30c5c,5b0fa12a-3dd7-45bb-9766-cc326314d9f1,210.50889266299964,0.0010501388077307,4.9885721902111e-06,75.0,75.68153883783938,42.0,0.0043852104621666,0.011898523685478,0.0024556938887366,0.0187394280363813,France,FRA,grand est,,,Linux-6.1.0-37-amd64-x86_64-with-glibc2.36,3.12.6,3.0.2,9,Intel(R) Xeon(R) Gold 6226R CPU @ 2.90GHz,1,1 x NVIDIA RTX A6000,4.0324,49.2627,288.0,machine,N,1.0
2025-08-05T18:50:44,codecarbon,ca612521-67cd-4989-8d8e-869cc218f572,5b0fa12a-3dd7-45bb-9766-cc326314d9f1,114532.263212362,0.4138074349430535,3.613020675019625e-06,20.5,230.65040760507296,20.0,0.6350019202291154,6.134406182243241,0.6148677579651239,7.384275860437436,France,FRA,grand est,,,Linux-6.1.0-37-amd64-x86_64-with-glibc2.36,3.12.6,3.0.2,5,Intel(R) Xeon(R) Gold 6354 CPU @ 3.00GHz,1,1 x NVIDIA A100 80GB PCIe,4.0324,49.2627,40.0,machine,N,1.0
2025-08-05T23:10:17,codecarbon,9b51abb7-5bbc-466c-8550-7ccf262f058a,5b0fa12a-3dd7-45bb-9766-cc326314d9f1,28717.914674688,0.1277654540612222,4.448980906466543e-06,75.0,193.3736663326716,42.0,0.5982387784870595,1.346687926238368,0.3350114465838811,2.279938151309307,France,FRA,grand est,,,Linux-6.1.0-37-amd64-x86_64-with-glibc2.36,3.12.6,3.0.2,9,Intel(R) Xeon(R) Gold 6226R CPU @ 2.90GHz,1,1 x NVIDIA RTX A6000,4.0324,49.2627,288.0,machine,N,1.0
2025-08-06T11:29:21,codecarbon,7c9d03e7-a228-4ce8-8a5b-e9dc83fd8500,5b0fa12a-3dd7-45bb-9766-cc326314d9f1,6.414958580993698,1.0784087720312492e-05,1.681084543907063e-06,15.0,55.45776663745999,42.0,2.463942103750014e-05,9.881035682601792e-05,6.898919714161214e-05,0.0001924389750051,France,FRA,grand est,,,Linux-6.1.0-37-amd64-x86_64-with-glibc2.36,3.12.6,3.0.2,9,Intel(R) Xeon(R) Gold 6226R CPU @ 2.90GHz,1,1 x NVIDIA RTX A6000,4.0324,49.2627,288.0,machine,N,1.0
2025-08-06T11:35:02,codecarbon,86d9e5a1-24dc-4c7a-ba60-5c581b90a8e4,5b0fa12a-3dd7-45bb-9766-cc326314d9f1,176.13563587301178,0.000363921736657,2.066144848277448e-06,20.5,64.94183304661723,42.0,0.0009685034977924,0.0035413436664057,0.0019842326134047,0.006494079777603,France,FRA,grand est,,,Linux-6.1.0-37-amd64-x86_64-with-glibc2.36,3.12.6,3.0.2,9,Intel(R) Xeon(R) Gold 6354 CPU @ 3.00GHz,1,1 x NVIDIA A100 80GB PCIe,4.0324,49.2627,144.0,machine,N,1.0
2025-08-06T11:38:02,codecarbon,903f0eee-7119-467c-9cda-ac7f8431a6d0,5b0fa12a-3dd7-45bb-9766-cc326314d9f1,152.93243472999893,0.0003477631420281,2.273965902930516e-06,20.5,60.98636742006232,42.0,0.0008478280507948,0.0036385492997261,0.0017193569064815,0.0062057342570025,France,FRA,grand est,,,Linux-6.1.0-37-amd64-x86_64-with-glibc2.36,3.12.6,3.0.2,17,Intel(R) Xeon(R) Gold 6354 CPU @ 3.00GHz,1,1 x NVIDIA A100 80GB PCIe,4.0324,49.2627,136.0,machine,N,1.0
2025-08-06T11:47:54,codecarbon,6243836d-24b4-46fa-a940-5d66ccc99aa0,5b0fa12a-3dd7-45bb-9766-cc326314d9f1,1062.4244768019998,0.0041233344046652,3.88106119041688e-06,15.0,150.5578398104322,42.0,0.0042818106527208,0.057319187799758,0.0119787300342035,0.0735797284866825,France,FRA,grand est,,,Linux-6.1.0-37-amd64-x86_64-with-glibc2.36,3.12.6,3.0.2,9,Intel(R) Xeon(R) Gold 6226R CPU @ 2.90GHz,1,1 x NVIDIA RTX A6000,4.0324,49.2627,288.0,machine,N,1.0
2025-08-06T11:51:02,codecarbon,a09dbcb7-89b7-41ec-8f49-8d99dc75269d,5b0fa12a-3dd7-45bb-9766-cc326314d9f1,568.644308137,0.0020107804547316,3.536095281282972e-06,42.5,73.90143765771296,42.0,0.0067124987551145,0.022535858862006,0.0066334471033716,0.0358818047204922,France,FRA,grand est,,,Linux-6.1.0-37-amd64-x86_64-with-glibc2.36,3.12.6,3.0.2,17,Intel(R) Xeon(R) Silver 4214 CPU @ 2.20GHz,1,1 x NVIDIA TITAN RTX,4.0324,49.2627,136.0,machine,N,1.0
2025-08-06T14:27:14,codecarbon,ebc9c685-6392-4b1c-8551-adfd81e2a54e,5b0fa12a-3dd7-45bb-9766-cc326314d9f1,9365.708797829007,0.0305281474550682,3.2595661592793386e-06,15.0,139.83921128413903,38.0,0.0377347633634981,0.4114849322432377,0.0955464039858376,0.5447660995925732,France,FRA,grand est,,,Linux-6.1.0-37-amd64-x86_64-with-glibc2.36,3.12.6,3.0.2,5,Intel(R) Xeon(R) Gold 6226R CPU @ 2.90GHz,1,1 x NVIDIA RTX A6000,4.0324,49.2627,80.0,machine,N,1.0
2025-08-06T14:27:16,codecarbon,6bc36856-05ee-4727-abd2-62829ad65130,5b0fa12a-3dd7-45bb-9766-cc326314d9f1,9500.163260467,0.0195484551913761,2.0576967632464875e-06,20.5,63.1354891139035,42.0,0.0522780846559671,0.1894572562879064,0.1071012762580066,0.3488366172018798,France,FRA,grand est,,,Linux-6.1.0-37-amd64-x86_64-with-glibc2.36,3.12.6,3.0.2,17,Intel(R) Xeon(R) Gold 6354 CPU @ 3.00GHz,1,1 x NVIDIA A100 80GB PCIe,4.0324,49.2627,136.0,machine,N,1.0
2025-08-06T14:28:06,codecarbon,3d4781cb-b97f-4be1-9e48-ca3ecb308907,5b0fa12a-3dd7-45bb-9766-cc326314d9f1,1.9738189810013864,1.916519518886688e-06,9.7097025478718e-07,15.0,22.87738291475285,38.0,6.131825508297576e-06,1.2534732250379932e-05,1.5533187398921452e-05,3.419974515759896e-05,France,FRA,grand est,,,Linux-6.1.0-37-amd64-x86_64-with-glibc2.36,3.12.6,3.0.2,5,Intel(R) Xeon(R) Gold 6226R CPU @ 2.90GHz,1,1 x NVIDIA RTX A6000,4.0324,49.2627,80.0,machine,N,1.0
2025-08-06T14:28:29,codecarbon,55b3f5df-7db4-4989-913b-04ca426448f2,5b0fa12a-3dd7-45bb-9766-cc326314d9f1,2.7351035109895747,3.471907637368003e-06,1.2693880225804868e-06,20.5,33.96709875608906,38.0,1.2687871610954363e-05,2.5748909488143568e-05,2.351842219446553e-05,6.195520329356346e-05,France,FRA,grand est,,,Linux-6.1.0-37-amd64-x86_64-with-glibc2.36,3.12.6,3.0.2,5,Intel(R) Xeon(R) Gold 6354 CPU @ 3.00GHz,1,1 x NVIDIA A100 80GB PCIe,4.0324,49.2627,80.0,machine,N,1.0
2025-08-06T14:30:54,codecarbon,f01dc3fd-0b21-4ef7-a110-a7296ad2396b,5b0fa12a-3dd7-45bb-9766-cc326314d9f1,28.76147225499153,0.0001039336173451,3.6136403736108978e-06,15.0,207.7211660478117,38.0,0.0001156549790666,0.0014460231012618,0.0002929877300022,0.0018546658103307,France,FRA,grand est,,,Linux-6.1.0-37-amd64-x86_64-with-glibc2.36,3.12.6,3.0.2,5,Intel(R) Xeon(R) Gold 6226R CPU @ 2.90GHz,1,1 x NVIDIA RTX A6000,4.0324,49.2627,80.0,machine,N,1.0
2025-08-06T14:30:59,codecarbon,e4f353d1-eab5-4317-8c1b-6979acf84712,5b0fa12a-3dd7-45bb-9766-cc326314d9f1,43.5555305230082,8.491173962756299e-05,1.9495053465761e-06,20.5,68.26912446839982,38.0,0.0002394050688938,0.0008320539989767,0.0004437667503552,0.0015152258182259,France,FRA,grand est,,,Linux-6.1.0-37-amd64-x86_64-with-glibc2.36,3.12.6,3.0.2,5,Intel(R) Xeon(R) Gold 6354 CPU @ 3.00GHz,1,1 x NVIDIA A100 80GB PCIe,4.0324,49.2627,80.0,machine,N,1.0
2025-08-06T14:48:20,codecarbon,c0bce66d-ff9e-4188-ba5e-56d5e2f617a5,5b0fa12a-3dd7-45bb-9766-cc326314d9f1,427.8326109400077,0.0007533031860598,1.7607427923850029e-06,15.0,73.408713994101,20.0,0.0017226302218769,0.0094238236501631,0.0022960270084159,0.013442480880456,France,FRA,grand est,,,Linux-6.1.0-37-amd64-x86_64-with-glibc2.36,3.12.6,3.0.2,5,Intel(R) Xeon(R) Gold 6226R CPU @ 2.90GHz,1,1 x NVIDIA RTX A6000,4.0324,49.2627,55.0,machine,N,1.0
2025-08-06T14:49:30,codecarbon,41a42bf7-0699-4b39-9e26-84178a3c0f85,5b0fa12a-3dd7-45bb-9766-cc326314d9f1,7.966891402000328,8.282434043950937e-06,1.0396067457215975e-06,15.0,33.99414030904689,20.0,3.110416864171081e-05,7.522200462162232e-05,4.147150413902839e-05,0.0001477976774023,France,FRA,grand est,,,Linux-6.1.0-37-amd64-x86_64-with-glibc2.36,3.12.6,3.0.2,5,Intel(R) Xeon(R) Gold 6226R CPU @ 2.90GHz,1,1 x NVIDIA RTX A6000,4.0324,49.2627,55.0,machine,N,1.0
2025-08-06T14:50:46,codecarbon,fe3001ee-37f3-4bd1-8be7-6e63103a21a2,5b0fa12a-3dd7-45bb-9766-cc326314d9f1,4.179318159003742,3.664946002732076e-06,8.769243841454078e-07,15.0,25.539595362810065,20.0,1.5324021774965028e-05,2.9644468160228143e-05,2.0431428027869616e-05,6.539991796306278e-05,France,FRA,grand est,,,Linux-6.1.0-37-amd64-x86_64-with-glibc2.36,3.12.6,3.0.2,5,Intel(R) Xeon(R) Gold 6226R CPU @ 2.90GHz,1,1 x NVIDIA RTX A6000,4.0324,49.2627,55.0,machine,N,1.0
2025-08-06T15:15:37,codecarbon,61a4aa10-1196-49ed-8d24-76dc7cad2162,5b0fa12a-3dd7-45bb-9766-cc326314d9f1,14.41816501699941,1.3298954479593604e-05,9.223749668500654e-07,15.0,25.4830898714787,20.0,5.797541843333723e-05,0.0001020411927439,7.72994451333337e-05,0.0002373160563106,France,FRA,grand est,,,Linux-6.1.0-31-amd64-x86_64-with-glibc2.36,3.12.6,3.0.2,5,Intel(R) Xeon(R) Gold 6136 CPU @ 3.00GHz,1,1 x Tesla V100-PCIE-16GB,4.0324,49.2627,55.0,machine,N,1.0
2025-08-06T15:17:02,codecarbon,aa48d7ff-fd04-415a-8fd7-93c93c82bdfb,5b0fa12a-3dd7-45bb-9766-cc326314d9f1,5.218717533000017,4.599083197019901e-06,8.8126693348281e-07,15.0,25.006012237574048,20.0,1.9645548116667064e-05,3.6230862317993e-05,2.6192919799996164e-05,8.206933023465622e-05,France,FRA,grand est,,,Linux-6.1.0-31-amd64-x86_64-with-glibc2.36,3.12.6,3.0.2,5,Intel(R) Xeon(R) Gold 6136 CPU @ 3.00GHz,1,1 x Tesla V100-PCIE-16GB,4.0324,49.2627,55.0,machine,N,1.0
2025-08-06T15:20:06,codecarbon,34b508a6-b48f-4551-aaef-54191c9df405,5b0fa12a-3dd7-45bb-9766-cc326314d9f1,75.54683138400105,8.4516586482017e-05,1.1187310564015997e-06,15.0,40.20009625448933,20.0,0.0003042676568,0.000798221194132,0.0004056855719166,0.0015081744228486,France,FRA,grand est,,,Linux-6.1.0-31-amd64-x86_64-with-glibc2.36,3.12.6,3.0.2,5,Intel(R) Xeon(R) Gold 6136 CPU @ 3.00GHz,1,1 x Tesla V100-PCIE-16GB,4.0324,49.2627,55.0,machine,N,1.0
2025-08-06T15:26:59,codecarbon,749f1525-a40d-41d4-a7a1-9ccede2644bc,5b0fa12a-3dd7-45bb-9766-cc326314d9f1,339.03496261799955,0.0005150014317519,1.5190216011207982e-06,15.0,51.49230566759355,20.0,0.0013644047913583,0.00600645619405,0.0018191929368944,0.0091900539223027,France,FRA,grand est,,,Linux-6.1.0-31-amd64-x86_64-with-glibc2.36,3.12.6,3.0.2,5,Intel(R) Xeon(R) Gold 6136 CPU @ 3.00GHz,1,1 x Tesla V100-PCIE-16GB,4.0324,49.2627,55.0,machine,N,1.0
2025-08-06T20:16:06,codecarbon,04a30059-298c-4a23-b1ee-05da495c175f,5b0fa12a-3dd7-45bb-9766-cc326314d9f1,20625.200757254,0.0910690018976698,4.415423780330492e-06,15.0,157.45514129683315,38.0,0.083138417052966,1.3315424835664675,0.2104195097674328,1.6251004103868696,France,FRA,grand est,,,Linux-6.1.0-37-amd64-x86_64-with-glibc2.36,3.12.6,3.0.2,5,Intel(R) Xeon(R) Gold 6226R CPU @ 2.90GHz,1,1 x NVIDIA RTX A6000,4.0324,49.2627,80.0,machine,N,1.0
2025-08-07T06:51:15,codecarbon,b597ff63-accc-4926-bef3-58da30d3dfdf,5b0fa12a-3dd7-45bb-9766-cc326314d9f1,58738.31173287399,0.1170836748907152,1.9933101826824764e-06,20.5,68.12986396020136,38.0,0.323228865884776,1.1669470232790935,0.5991489540830708,2.08932484324694,France,FRA,grand est,,,Linux-6.1.0-37-amd64-x86_64-with-glibc2.36,3.12.6,3.0.2,5,Intel(R) Xeon(R) Gold 6354 CPU @ 3.00GHz,1,1 x NVIDIA A100 80GB PCIe,4.0324,49.2627,80.0,machine,N,1.0
2025-08-08T15:32:02,codecarbon,1be4df70-20fb-4f62-a2b6-f2adde589720,5b0fa12a-3dd7-45bb-9766-cc326314d9f1,4.274070274084806,4.521917990188797e-06,1.0579886853070196e-06,27.0,10.606260781330237,38.0,2.828977618832141e-05,1.2589454513545206e-05,3.98131083867823e-05,8.069233908864892e-05,France,FRA,grand est,,,Linux-6.1.0-37-amd64-x86_64-with-glibc2.36,3.12.6,3.0.2,128,Intel(R) Xeon(R) Gold 6430,1,1 x NVIDIA RTX 5000 Ada Generation,4.0324,49.2627,125.56350708007812,machine,N,1.0
2025-08-08T15:33:30,codecarbon,73f5eb6c-909f-4cc6-bcea-1bd522291950,5b0fa12a-3dd7-45bb-9766-cc326314d9f1,2.071304429322481,1.8821358115661847e-06,9.086717456505546e-07,27.0,9.15174711810972,38.0,1.176734822569415e-05,5.262781982651177e-06,1.6556047481588193e-05,3.358617768993352e-05,France,FRA,grand est,,,Linux-6.1.0-37-amd64-x86_64-with-glibc2.36,3.12.6,3.0.2,128,Intel(R) Xeon(R) Gold 6430,1,1 x NVIDIA RTX 5000 Ada Generation,4.0324,49.2627,125.56350708007812,machine,N,1.0
2025-08-08T15:35:08,codecarbon,d39043fa-a8b3-4cbe-8ef6-123279c4d4df,5b0fa12a-3dd7-45bb-9766-cc326314d9f1,2.300762614235282,2.1531823160814564e-06,9.358559213189938e-07,27.0,9.32763426694839,38.0,1.3488731542602182e-05,5.95861587271429e-06,1.897557797738248e-05,3.8422925392698944e-05,France,FRA,grand est,,,Linux-6.1.0-37-amd64-x86_64-with-glibc2.36,3.12.6,3.0.2,128,Intel(R) Xeon(R) Gold 6430,1,1 x NVIDIA RTX 5000 Ada Generation,4.0324,49.2627,125.56350708007812,machine,N,1.0
2025-08-08T15:36:46,codecarbon,75010b5a-a24c-47bb-b503-39c568da8444,5b0fa12a-3dd7-45bb-9766-cc326314d9f1,1.6994790025055408,1.423490328514763e-06,8.376039518088261e-07,27.0,8.018590735559615,38.0,8.981815958395601e-06,3.7836141331126782e-06,1.2636349535443718e-05,2.5401779626952e-05,France,FRA,grand est,,,Linux-6.1.0-37-amd64-x86_64-with-glibc2.36,3.12.6,3.0.2,128,Intel(R) Xeon(R) Gold 6430,1,1 x NVIDIA RTX 5000 Ada Generation,4.0324,49.2627,125.56350708007812,machine,N,1.0
2025-08-08T16:31:19,codecarbon,533a73a4-48fb-40aa-8e46-c7057f089099,5b0fa12a-3dd7-45bb-9766-cc326314d9f1,4.754876178689301,1.5441975700860733e-05,3.2476083751811537e-06,145.73250000000002,44.70030535840119,38.0,0.0001718306385044,5.892588048084235e-05,4.480114087410685e-05,0.0002755576598593,France,FRA,grand est,,,Linux-6.1.0-37-amd64-x86_64-with-glibc2.36,3.12.6,3.0.2,128,Intel(R) Xeon(R) Gold 6430,1,1 x NVIDIA RTX 5000 Ada Generation,4.0324,49.2627,125.56350708007812,machine,N,1.0
2025-08-08T17:12:59,codecarbon,82efb42a-f294-455d-bc0b-d5a6b245f8ea,5b0fa12a-3dd7-45bb-9766-cc326314d9f1,11.145744577050207,4.5639833071659936e-05,4.094821369371341e-06,80.244,150.31874151879148,38.0,0.0002370959155972,0.0004650612053751,0.0001122727059635,0.0008144298269358,France,FRA,grand est,,,Linux-6.1.0-37-amd64-x86_64-with-glibc2.36,3.12.6,3.0.2,128,Intel(R) Xeon(R) Gold 6430,1,1 x NVIDIA RTX 5000 Ada Generation,4.0324,49.2627,125.56350708007812,machine,N,1.0
2025-08-08T17:15:47,codecarbon,a5e33cb5-1d62-449d-adf8-eb2ea70f1d98,5b0fa12a-3dd7-45bb-9766-cc326314d9f1,22.316613878123466,9.792434984739088e-05,4.3879573479283165e-06,27.0,222.78831505225747,38.0,0.0001582127749104,0.0013665608154838,0.0002226585523525,0.0017474321427468,France,FRA,grand est,,,Linux-6.1.0-37-amd64-x86_64-with-glibc2.36,3.12.6,3.0.2,128,Intel(R) Xeon(R) Gold 6430,1,1 x NVIDIA RTX 5000 Ada Generation,4.0324,49.2627,125.56350708007812,machine,N,1.0
2025-08-08T17:16:47,codecarbon,cafb61e6-af32-4b35-a6ef-4fbae526e5d9,5b0fa12a-3dd7-45bb-9766-cc326314d9f1,26.46250037383288,0.000105928341131,4.002960401874265e-06,129.13363636363636,50.4538982286479,38.0,0.0005641489723717,0.0010574947348658,0.0002686173811301,0.0018902610883676,France,FRA,grand est,,,Linux-6.1.0-37-amd64-x86_64-with-glibc2.36,3.12.6,3.0.2,128,Intel(R) Xeon(R) Gold 6430,1,1 x NVIDIA RTX 5000 Ada Generation,4.0324,49.2627,125.56350708007812,machine,N,1.0
2025-08-08T17:20:19,codecarbon,4b4a5156-2a80-4560-9b72-ab2ecb43cae8,5b0fa12a-3dd7-45bb-9766-cc326314d9f1,11.716309160925448,4.776912404358061e-05,4.077147793512767e-06,98.42727272727274,131.36005081520108,38.0,0.0003065981630056,0.0004274758975384,0.0001183523575501,0.0008524264180941,France,FRA,grand est,,,Linux-6.1.0-37-amd64-x86_64-with-glibc2.36,3.12.6,3.0.2,128,Intel(R) Xeon(R) Gold 6430,1,1 x NVIDIA RTX 5000 Ada Generation,4.0324,49.2627,125.56350708007812,machine,N,1.0
2025-08-08T17:22:26,codecarbon,6cb0ed09-6065-4c10-bd74-e5b2027a9977,5b0fa12a-3dd7-45bb-9766-cc326314d9f1,23.893589494749904,0.0001052268398165,4.403977888698252e-06,29.67,224.23595100184872,38.0,0.0001751587236395,0.0014635861708711,0.0002389981026254,0.0018777429971361,France,FRA,grand est,,,Linux-6.1.0-37-amd64-x86_64-with-glibc2.36,3.12.6,3.0.2,128,Intel(R) Xeon(R) Gold 6430,1,1 x NVIDIA RTX 5000 Ada Generation,4.0324,49.2627,125.56350708007812,machine,N,1.0
2025-08-08T17:24:48,codecarbon,8f7e3bc1-b417-4c45-b413-193fd75c7c71,5b0fa12a-3dd7-45bb-9766-cc326314d9f1,11.123764112591743,4.527999470071136e-05,4.070564086257085e-06,69.28200000000001,159.08928245456858,38.0,0.0002044022849452,0.0004915023376526,0.0001121039910588,0.0008080086136567,France,FRA,grand est,,,Linux-6.1.0-37-amd64-x86_64-with-glibc2.36,3.12.6,3.0.2,128,Intel(R) Xeon(R) Gold 6430,1,1 x NVIDIA RTX 5000 Ada Generation,4.0324,49.2627,125.56350708007812,machine,N,1.0
2025-08-08T17:26:13,codecarbon,87d76a40-61bf-47d4-98c6-8401c50179c0,5b0fa12a-3dd7-45bb-9766-cc326314d9f1,23.970068618655205,0.00010608471093863486,4.425715780224018e-06,48.24,207.63109316893684,38.0,0.00021455336300516502,0.0014368864272853443,0.00024161167277333636,0.0018930514630638457,France,FRA,grand est,,,Linux-6.1.0-37-amd64-x86_64-with-glibc2.36,3.12.6,3.0.2,128,Intel(R) Xeon(R) Gold 6430,1,1 x NVIDIA RTX 5000 Ada Generation,4.0324,49.2627,125.56350708007812,machine,N,1.0
